NULL,Family,Clone,Catalogue,Population Group,Parent Female,Parent Male,Predominant tuber skin color,Tuber skin secondary color,Distribution of secondary tuber skin color,Predominant tuber flesh color,Tuber flesh secondary color,Distribution of secondary flesh color,General tuber shape,Unusual tuber shape,Tuber shape depth of eyes,Late blight (LB),Potato virus Y (PVY),Tuber yield (Kg/plants),Dry matter (%),Chipping color,Adaptability,NULL,NULL
NULL,300046,22,LTVR,LTVR,CIP392973.48 (95.048),CIP393613.2 (TXY.2),1,0,0,2,0,0,2,0,3,R,R,0.98,21,3,TAB,NULL,NULL
NULL,300048,12,LTVR,LTVR,CIP392973.48 (95.048),CIP392820.1 (C93.154),1,0,0,2,0,0,2,0,3,HS,S,0.58,21,3,TAB,NULL,NULL
NULL,300054,29,LTVR,LTVR,95.059,CIP392820.1 (C93.154),5,0,0,2,0,0,2,0,3,S,ER,0.76,21,4,TA,NULL,NULL
NULL,300055,32,LTVR,LTVR,95.071,CIP393613.2 (TXY.2),1,0,0,2,0,0,7,0,3,MS,ER,0.64,16,3,TAB,NULL,NULL
NULL,300056,33,LTVR,LTVR,95.071,CIP387170.9,1,6,3,2,0,0,2,0,5,MR,ER,0.72,20,2,TAB,NULL,NULL
NULL,300063,9,LTVR,LTVR,CIP393536.13 (95.103),CIP392820.1 (C93.154),1,0,0,3,0,0,2,0,3,HS,S,0.67,19,3,TAB,NULL,NULL
NULL,300065,4,LTVR,LTVR,CIP391382.18 (95.108),CIP387170.9,1,5,4,1,0,0,2,0,5,MR,ER,0.77,18,3,TAB,NULL,NULL
NULL,300066,11,LTVR,LTVR,CIP391382.18 (95.108),CIP392820.1 (C93.154),1,0,0,2,0,0,6,0,3,S,R,0.68,19,3,TA,NULL,NULL
NULL,300072,1,LTVR,LTVR,95.139,CIP392820.1 (C93.154),1,0,0,2,0,0,7,0,3,HS,S,0.59,17,3,TA,NULL,NULL
NULL,300089,36,LTVR,LTVR,95.202,CIP387170.9,1,0,0,2,7,2,6,0,3,MS,ER,0.9,19,3,TAB,NULL,NULL
NULL,300099,22,LTVR,LTVR,CIP393533.2 (95.302),CIP392820.1 (C93.154),1,0,0,1,0,0,7,0,3,MS,R,0.66,17,3,TAB,NULL,NULL
NULL,300101,11,LTVR,LTVR,CIP390674.33 (95.303),CIP387170.9,6,2,4,2,0,0,6,0,5,MR,ER,0.86,18,3,TAB,NULL,NULL
NULL,300135,14,LTVR,LTVR,MARIVA,CIP392820.1 (C93.154),8,0,0,4,0,0,6,0,3,HS,S,0.72,21,3,TAB,NULL,NULL
NULL,300137,31,LTVR,LTVR,95.187,CIP387170.9,1,6,4,1,0,0,2,0,3,MR,S,0.57,22,2,TAB,NULL,NULL
NULL,301023,15,LTVR,Intermediate LT-LB,CIP391180.6 (C90.266),CIP387170.9,1,5,4,2,0,0,2,0,5,R,ER,0.81,19,3,TI,NULL,NULL
NULL,301024,14,LTVR,Intermediate LT-LB,CIP388615.22 (C91.640),CIP387170.9,1,6,3,2,0,0,2,0,5,R,ER,1.11,21,3,TAB,NULL,NULL
NULL,301024,95,LTVR,Intermediate LT-LB,CIP388615.22 (C91.640),CIP387170.9,1,0,0,2,0,0,2,0,3,R,HS,0.96,17,4,TI,NULL,NULL
NULL,301026,23,LTVR,Intermediate LT-LB,CIP389746.2,BOGNA,1,0,0,2,0,0,7,0,3,MS,ER,1.04,18,3,TB,NULL,NULL
NULL,301029,18,LTVR,Intermediate LT-LB,C97.255,C95.397,1,0,0,2,0,0,6,0,3,R,ER,0.95,23,2,TB,NULL,NULL
NULL,301037,85,LTVR,Intermediate LT-LB,CIP387205.5,CIP702853 (LOP-868),6,0,0,4,0,0,2,0,3,MR,S,0.67,18,3,TB,NULL,NULL
NULL,301040,63,LTVR,Intermediate LT-LB,UNICA,CIP702853 (LOP-868),6,0,0,2,0,0,2,0,5,MR,S,0.77,18,3,TB,NULL,NULL
NULL,301041,26,LTVR,Intermediate LT-LB,CIP389746.2,LOP-886,1,6,4,2,0,0,2,0,3,R,ER,0.91,18,4,TI,NULL,NULL
NULL,301044,36,LTVR,Intermediate LT-LB,CIP392025.7 (LR93.221),LOP-886,1,8,4,3,0,0,2,0,3,S,ER,0.77,21,2,TB,NULL,NULL
NULL,301045,74,LTVR,Intermediate LT-LB,CIP387205.5,CIP391207.2 (LR93.050),1,0,0,2,0,0,6,0,3,MR,ER,0.77,17,3,TI,NULL,NULL
NULL,301055,53,LTVR,Intermediate LT-LB,CIP389746.2,CIP393617.1 (TXY.11),1,0,0,2,0,0,6,0,7,MR,ER,0.91,24,2,TB,NULL,NULL
NULL,301056,54,LTVR,Intermediate LT-LB,CIP385205.5,CIP393613.2 (TXY.2),6,0,0,4,0,0,2,0,5,MS,ER,0.6,21,3,TB,NULL,NULL
NULL,302279,11,Flesh Color,FC,CIP386733.3 (88.108),Adg purple flesh bulk,1,0,0,2,6,4,6,0,3,NULL,R,0.84,21,3,TIA,NULL,NULL
NULL,302280,14,Flesh Color,FC,CIP800827 (ATLANTIC),Adg purple flesh bulk,1,0,0,4,0,0,6,0,3,NULL,R,0.68,23.76,1,TIA,NULL,NULL
NULL,302280,21,Flesh Color,FC,CIP800827 (ATLANTIC),Adg purple flesh bulk,1,0,0,4,0,0,6,0,3,NULL,R,0.59,23,2,TIA,NULL,NULL
NULL,302280,23,Flesh Color,FC,CIP800827 (ATLANTIC),Adg purple flesh bulk,9,0,0,7,0,0,2,0,5,NULL,S,0.55,19.94,3,TIA,NULL,NULL
NULL,302281,15,Flesh Color,FC,CIP388611.22 (C91.612),Adg purple flesh bulk,9,0,0,2,8,4,7,0,3,NULL,R,1.23,22,4,TIA,NULL,NULL
NULL,302281,17,Flesh Color,FC,CIP388611.22 (C91.612),Adg purple flesh bulk,1,0,0,4,0,0,6,0,3,NULL,R,1.08,19.76,3,TIA,NULL,NULL
NULL,302281,18,Flesh Color,FC,CIP388611.22 (C91.612),Adg purple flesh bulk,1,0,0,2,6,4,6,0,3,NULL,S,0.98,18,4,TIA,NULL,NULL
NULL,302281,25,Flesh Color,FC,CIP388611.22 (C91.612),Adg purple flesh bulk,6,0,0,4,6,4,2,0,7,NULL,R,1.54,20.74,4,TIA,NULL,NULL
NULL,302281,27,Flesh Color,FC,CIP388611.22 (C91.612),Adg purple flesh bulk,1,0,0,4,6,1,6,0,3,NULL,S,1.35,21,4,TIA,NULL,NULL
NULL,302281,39,Flesh Color,FC,CIP388611.22 (C91.612),Adg purple flesh bulk,6,0,0,6,0,0,7,0,3,NULL,R,1.03,21.42,3,TIA,NULL,NULL
NULL,302284,17,Flesh Color,FC,CIP392011.1 (LR93.160),Adg purple flesh bulk,1,0,0,6,0,0,6,0,3,NULL,R,1.33,22,4,TIA,NULL,NULL
NULL,302285,27,Flesh Color,FC,CIP379706.27 (LT-8),Adg purple flesh bulk,9,0,0,1,7,4,6,0,7,NULL,R,0.94,22,3,TIA,NULL,NULL
NULL,302285,31,Flesh Color,FC,CIP379706.27 (LT-8),Adg purple flesh bulk,9,0,0,2,7,4,2,0,5,NULL,R,0.72,20,3,TIA,NULL,NULL
NULL,302286,13,Flesh Color,FC,MONALISA,Adg purple flesh bulk,1,0,0,6,0,0,6,0,3,NULL,R,0.92,16,4,TIA,NULL,NULL
NULL,302286,26,Flesh Color,FC,MONALISA,Adg purple flesh bulk,1,0,0,4,0,0,7,0,3,NULL,NULL,0.79,22,3,TIA,NULL,NULL
NULL,302286,28,Flesh Color,FC,MONALISA,Adg purple flesh bulk,6,0,0,6,0,0,2,0,7,NULL,R,1.11,22,4,TIA,NULL,NULL
NULL,302288,14,Flesh Color,FC,CIP780278 (PW-88-6065),Adg purple flesh bulk,1,0,0,7,0,0,7,0,3,NULL,R,0.56,21.19,3,TIA,NULL,NULL
NULL,302288,31,Flesh Color,FC,CIP780278 (PW-88-6065),Adg purple flesh bulk,8,0,0,4,0,0,2,0,7,NULL,R,0.86,27.27,2,TIA,NULL,NULL
NULL,302288,35,Flesh Color,FC,CIP780278 (PW-88-6065),Adg purple flesh bulk,8,0,0,4,7,5,2,0,7,NULL,R,1,25.34,3,TIA,NULL,NULL
NULL,302288,39,Flesh Color,FC,CIP780278 (PW-88-6065),Adg purple flesh bulk,8,0,0,1,7,5,2,0,7,NULL,R,1.19,25,3,TIA,NULL,NULL
NULL,302288,42,Flesh Color,FC,CIP780278 (PW-88-6065),Adg purple flesh bulk,8,0,0,2,7,5,2,0,7,NULL,NULL,1.13,22,2,TIA,NULL,NULL
NULL,302289,32,Flesh Color,FC,CIP780279 (PW-88-6187),Adg purple flesh bulk,8,0,0,2,7,5,2,0,7,NULL,NULL,0.95,20,4,TIA,NULL,NULL
NULL,302289,41,Flesh Color,FC,CIP780279 (PW-88-6187),Adg purple flesh bulk,9,0,0,7,0,0,2,0,7,NULL,NULL,0.66,20,3,TIA,NULL,NULL
NULL,302290,11,Flesh Color,FC,CIP800923 (SPUNTA),Adg purple flesh bulk,8,0,0,7,0,0,2,0,7,NULL,R,0.84,21,3,TIA,NULL,NULL
NULL,302290,13,Flesh Color,FC,CIP800923 (SPUNTA),Adg purple flesh bulk,1,0,0,2,6,5,7,0,3,NULL,R,0.64,20,3,TIA,NULL,NULL
NULL,302290,23,Flesh Color,FC,CIP800923 (SPUNTA),Adg purple flesh bulk,1,0,0,7,0,0,7,0,3,NULL,NULL,0.8,19,5,TIA,NULL,NULL
NULL,302293,22,Flesh Color,FC,CIP800923 (SPUNTA),Adg red flesh bulk,6,0,0,6,0,0,6,0,5,NULL,R,0.83,19.83,4,TIA,NULL,NULL
NULL,302295,32,Flesh Color,FC,CIP386733.3 (88108),Adg red flesh bulk,7,0,0,8,1,2,2,0,5,NULL,NULL,0.82,21,3,TIA,NULL,NULL
NULL,302296,21,Flesh Color,FC,CIP800827 (ATLANTIC),Adg red flesh bulk,1,0,0,2,6,5,2,0,3,NULL,R,0.7,21.75,2,TIA,NULL,NULL
NULL,302297,35,Flesh Color,FC,CIP388611.22 (REICHE (C91.612)),Adg red flesh bulk,7,0,0,6,0,0,2,0,7,NULL,R,1.18,20,4,TIA,NULL,NULL
NULL,302298,16,Flesh Color,FC,CIP392797.22 (C92.140),Adg red flesh bulk,6,0,0,2,6,5,2,0,7,NULL,R,1.68,19.95,3,TIA,NULL,NULL
NULL,302298,17,Flesh Color,FC,CIP392797.22 (C92.140),Adg red flesh bulk,7,0,0,1,8,5,2,0,7,NULL,R,0.98,19,4,TIA,NULL,NULL
NULL,302298,23,Flesh Color,FC,CIP392797.22 (C92.140),Adg red flesh bulk,7,0,0,2,6,5,2,0,7,NULL,R,1.37,19,4,TIA,NULL,NULL
NULL,302298,42,Flesh Color,FC,CIP392797.22 (C92.140),Adg red flesh bulk,6,0,0,4,8,1,2,0,5,NULL,S,1.06,22,4,TIA,NULL,NULL
NULL,302298,44,Flesh Color,FC,CIP392797.22 (C92.140),Adg red flesh bulk,1,0,0,2,6,5,7,0,3,NULL,R,1.53,19.48,3,TIA,NULL,NULL
NULL,302299,13,Flesh Color,FC,DELCORA,Adg red flesh bulk,1,0,0,2,6,5,6,0,5,NULL,NULL,0.83,21,3,TIA,NULL,NULL
NULL,302299,16,Flesh Color,FC,DELCORA,Adg red flesh bulk,7,0,0,2,6,5,6,0,3,NULL,S,1.28,19.31,3,TIA,NULL,NULL
NULL,302300,25,Flesh Color,FC,CIP392011.1 (LR93.160),Adg red flesh bulk,1,0,0,4,8,5,6,0,7,NULL,R,1.36,20,3,TIA,NULL,NULL
NULL,302302,11,Flesh Color,FC,MONALISA,Adg red flesh bulk,1,0,0,4,0,0,2,0,5,NULL,R,0.97,22.5,3,TIA,NULL,NULL
NULL,302302,25,Flesh Color,FC,MONALISA,Adg red flesh bulk,7,0,0,2,8,5,2,0,7,NULL,NULL,0.96,21,3,TIA,NULL,NULL
NULL,302302,29,Flesh Color,FC,MONALISA,Adg red flesh bulk,7,0,0,2,8,5,2,0,7,NULL,R,1.29,20.33,3,TIA,NULL,NULL
NULL,302302,34,Flesh Color,FC,MONALISA,Adg red flesh bulk,1,0,0,2,8,6,6,0,3,NULL,S,2.51,18.81,4,TIA,NULL,NULL
NULL,302304,15,Flesh Color,FC,CIP780278 (PW-88-6065),Adg red flesh bulk,9,0,0,2,7,5,2,0,5,NULL,R,0.94,23.7,3,TIA,NULL,NULL
NULL,302304,27,Flesh Color,FC,CIP780278 (PW-88-6065),Adg red flesh bulk,9,0,0,7,0,0,2,0,7,NULL,R,0.95,22.68,3,TIA,NULL,NULL
NULL,302305,41,Flesh Color,FC,CIP780279 (PW-88-6187),Adg red flesh bulk,1,0,0,1,8,5,6,0,3,NULL,NULL,0.95,21.16,3,TIA,NULL,NULL
NULL,302305,46,Flesh Color,FC,CIP780279 (PW-88-6187),Adg red flesh bulk,1,0,0,2,8,4,7,0,5,NULL,NULL,0.82,24,3,TIA,NULL,NULL
NULL,302306,19,Flesh Color,FC,CIP780280 (PW-88-6203),Adg red flesh bulk,9,0,0,2,7,4,2,0,3,NULL,R,0.68,22,3,TIA,NULL,NULL
NULL,302306,33,Flesh Color,FC,CIP780280 (PW-88-6203),Adg red flesh bulk,6,0,0,2,6,5,2,0,7,NULL,R,1.05,25.94,2,TIA,NULL,NULL
NULL,302306,36,Flesh Color,FC,CIP780280 (PW-88-6203),Adg red flesh bulk,8,0,0,1,7,5,2,0,7,NULL,R,1.17,19.97,3,TIA,NULL,NULL
NULL,302428,20,LTVR,LD,MARIELA,CIP392745.7 (92.187),1,0,0,1,0,0,6,0,3,S,R,0.63,20,3,TB,NULL,NULL
NULL,302476,108,LTVR,LD,TITIA,CIP392745.7 (92.187),5,0,0,4,0,0,7,0,3,S,R,0.75,NULL,NULL,TB,NULL,NULL
NULL,302498,70,LTVR,LD,CIP720139 (YAGANA-INIA),CIP391180.6 (C90.266),1,0,0,2,0,0,6,0,3,HS,R,0.75,20,3,TB,NULL,NULL
NULL,302499,24,LTVR,LD,CIP720139 (YAGANA-INIA),CIP392820.1 (C93.154),1,0,0,2,0,0,6,0,3,S,R,0.61,24,4,TB,NULL,NULL
NULL,302499,30,LTVR,LD,CIP720139 (YAGANA-INIA),CIP392820.1 (C93.154),1,0,0,2,0,0,6,0,3,HS,R,0.6,24,3,TB,NULL,NULL
NULL,303381,106,LTVR,LD,CIP388611.22 (C91.612),CIP676008 (I-1039),1,0,0,1,0,0,2,0,3,MR,R,0.62,NULL,NULL,TB,NULL,NULL
NULL,303381,30,LTVR,LD,CIP388611.22 (C91.612),CIP676008 (I-1039),5,0,0,2,0,0,2,0,5,R,R,0.77,27,2,TB,NULL,NULL
NULL,304345,102,LTVR,LD,CIP388615.22 (C91.640),CIP676008 (I-1039),5,0,0,2,0,0,2,3,0,S,R,0.57,22.35,3,TB,NULL,NULL
NULL,304349,4,LTVR,LD,CHIEFTAIN,92.187,1,0,0,1,0,0,6,0,3,S,S,1.67,21,5,TB,NULL,NULL
NULL,304350,100,LTVR,LD,CHIEFTAIN,CIP392820.1 (C93.154),5,0,0,2,0,0,2,0,3,S,R,0.49,20,3,TB,NULL,NULL
NULL,304350,118,LTVR,LD,CHIEFTAIN,CIP392820.1 (C93.154),6,0,0,2,0,0,2,0,3,HS,R,0.83,20,4,TB,NULL,NULL
NULL,304350,18,LTVR,LD,CHIEFTAIN,CIP392820.1 (C93.154),6,0,0,2,0,0,2,0,5,S,R,0.66,19,4,TB,NULL,NULL
NULL,304350,26,LTVR,LD,CHIEFTAIN,CIP392820.1 (C93.154),1,0,0,2,0,0,2,0,5,HS,R,0.72,20,3,TB,NULL,NULL
NULL,304350,78,LTVR,LD,CHIEFTAIN,CIP392820.1 (C93.154),6,0,0,2,0,0,6,5,0,HS,R,0.89,20.31,3,TB,NULL,NULL
NULL,304350,95,LTVR,LD,CHIEFTAIN,CIP392820.1 (C93.154),6,0,0,2,0,0,6,0,3,S,R,0.47,23,3,TB,NULL,NULL
NULL,304351,109,LTVR,LD,CHIEFTAIN,CIP676008 (I-1039),6,0,0,2,0,0,2,0,5,HS,R,0.76,21,3,TB,NULL,NULL
NULL,304351,31,LTVR,LD,CHIEFTAIN,CIP676008 (I-1039),6,0,0,2,0,0,2,0,5,MR,R,0.78,25,4,TB,NULL,NULL
NULL,304366,46,LTVR,LD,CIP392823.4 (LR93.120),CIP676008 (I-1039),6,0,0,2,0,0,6,0,5,S,R,0.97,23,3,TB,NULL,NULL
NULL,304368,46,LTVR,LD,CIP391846.5 (LR93.309),CIP676008 (I-1039),1,0,0,2,0,0,2,0,3,MR,R,1.05,24,3,TB,NULL,NULL
NULL,304369,22,LTVR,LD,MARIELA,CIP676008 (I-1039),1,0,0,2,0,0,2,0,3,HS,R,0.72,21,2,TB,NULL,NULL
NULL,304371,20,LTVR,LD,MONALISA,92.187,1,0,0,2,0,0,6,0,3,S,R,0.69,20,4,TB,NULL,NULL
NULL,304371,58,LTVR,LD,MONALISA,92.187,1,0,0,2,0,0,6,0,5,HS,R,1.09,25,3,TB,NULL,NULL
NULL,304371,67,LTVR,LD,MONALISA,92.187,1,0,0,2,0,0,7,0,3,S,R,0.68,19,4,TB,NULL,NULL
NULL,304372,7,LTVR,LD,MONALISA,CIP676008 (I-1039),6,0,0,4,0,0,2,0,5,S,R,0.73,21,3,TB,NULL,NULL
NULL,304383,41,LTVR,LD,CIP800824 (RED PONTIAC),92.187,1,0,0,1,0,0,2,3,0,S,R,0.83,NULL,NULL,TB,NULL,NULL
NULL,304383,80,LTVR,LD,CIP800824 (RED PONTIAC),92.187,1,0,0,1,0,0,6,3,0,HS,R,0.55,19.21,5,TB,NULL,NULL
NULL,304387,17,LTVR,LD,REINHORT,92.187,1,0,0,2,0,0,7,0,3,HS,R,0.56,NULL,NULL,TB,NULL,NULL
NULL,304387,39,LTVR,LD,REINHORT,92.187,1,0,0,2,0,0,6,3,0,HS,R,0.79,24.57,4,TB,NULL,NULL
NULL,304387,92,LTVR,LD,REINHORT,92.187,1,0,0,2,0,0,6,0,3,HS,R,0.5,20,3,TB,NULL,NULL
NULL,304394,56,LTVR,LD,SHEPODY,CIP391207.2 (LR93.050),1,0,0,1,0,0,7,3,0,HS,R,0.76,21.65,4,TB,NULL,NULL
NULL,304399,15,LTVR,LD,SNOWDEN,92.187,1,0,0,2,0,0,2,3,0,S,R,0.69,25.04,3,TB,NULL,NULL
NULL,304399,5,LTVR,LD,SNOWDEN,92.187,1,0,0,2,0,0,2,3,0,HS,NULL,0.71,NULL,NULL,TB,NULL,NULL
NULL,304405,42,LTVR,LD,WA.018,CIP676008 (I-1039),6,0,0,4,0,0,2,0,5,MR,R,0.75,25,2,TB,NULL,NULL
NULL,304405,47,LTVR,LD,WA.018,CIP676008 (I-1039),1,5,1,2,0,0,2,3,0,MR,R,0.75,NULL,NULL,TB,NULL,NULL
NULL,304406,31,LTVR,LD,WA.077,CIP676008 (I-1039),1,0,0,2,0,0,2,0,3,S,R,0.7,22,3,TB,NULL,NULL
NULL,312507,311,Biofortification,Biofortification,CIP391058.175,CIP306416.68,4,7,1,3,8,1,6,0,5,MR,R,0.87,22.67,1,NULL,NULL,NULL
NULL,312507,312,Biofortification,Biofortification,CIP391058.175,CIP306416.68,4,0,0,3,6,2,2,0,5,MR,R,0.94,25.1,1,NULL,NULL,NULL
NULL,312527,26,Biofortification,Biofortification,CIP391930.1,CIP306418.69,6,0,0,2,6,3,6,0,3,MR,S,0.5,22.44,3,NULL,NULL,NULL
NULL,312595,53,Biofortification,Biofortification,CIP393073.179,CIP306416.68,4,8,7,8,1,2,7,8,5,MR,S,0.57,21.12,5,NULL,NULL,NULL
NULL,312609,247,Biofortification,Biofortification,CIP393083.2,CIP306416.68,5,7,4,3,7,2,1,0,5,R,NULL,0.82,22.42,3,NULL,NULL,NULL
NULL,312621,69,Biofortification,Biofortification,CIP393382.44,CIP306416.68,4,7,4,2,0,0,2,0,7,R,S,0.87,24.47,3,NULL,NULL,NULL
NULL,312621,97,Biofortification,Biofortification,CIP393382.44,CIP306416.68,6,0,0,3,0,0,6,0,7,MR,S,0.65,26.16,1,NULL,NULL,NULL
NULL,312633,155,Biofortification,Biofortification,CIP393536.13,CIP306416.68,4,6,7,2,0,0,6,0,5,MR,R,0.55,27.38,1,NULL,NULL,NULL
NULL,312633,294,Biofortification,Biofortification,CIP393536.13,CIP306416.68,4,8,7,2,8,2,6,0,5,MR,R,0.92,26.3,3,NULL,NULL,NULL
NULL,312637,1,Biofortification,Biofortification,CIP393536.13,CIP306418.69,6,0,0,3,6,3,6,0,5,MR,R,0.53,26.37,1,NULL,NULL,NULL
NULL,312637,89,Biofortification,Biofortification,CIP393536.13,CIP306418.69,6,0,0,3,6,3,7,0,5,MR,R,0.81,25.58,1,NULL,NULL,NULL
NULL,312682,11,Biofortification,Biofortification,CIP394600.52,CIP306416.68,4,8,4,3,8,2,6,0,5,MR,S,0.8,22.08,4,NULL,NULL,NULL
NULL,312682,42,Biofortification,Biofortification,CIP394600.52,CIP306416.68,4,8,7,3,8,4,7,0,5,MR,NULL,0.58,21.26,2,NULL,NULL,NULL
NULL,312686,19,Biofortification,Biofortification,CIP394600.52,CIP306418.69,6,0,0,2,6,5,7,0,5,R,S,0.66,24.8,1,NULL,NULL,NULL
NULL,312721,4,Biofortification,Biofortification,CIP395017.229,CIP306416.68,4,8,7,2,8,2,1,0,5,R,NULL,0.72,22.44,4,NULL,NULL,NULL
NULL,312721,29,Biofortification,Biofortification,CIP395017.229,CIP306416.68,4,8,4,2,8,2,1,0,5,R,R,0.84,24.24,3,NULL,NULL,NULL
NULL,312721,36,Biofortification,Biofortification,CIP395017.229,CIP306416.68,4,0,0,2,0,0,7,0,5,HR,NULL,0.67,26,4,NULL,NULL,NULL
NULL,312721,38,Biofortification,Biofortification,CIP395017.229,CIP306416.68,3,0,0,3,7,1,6,0,5,MR,R,0.61,21.85,3,NULL,NULL,NULL
NULL,312721,74,Biofortification,Biofortification,CIP395017.229,CIP306416.68,4,7,7,3,0,0,6,0,5,R,R,0.71,26.09,3,NULL,NULL,NULL
NULL,312721,163,Biofortification,Biofortification,CIP395017.229,CIP306416.68,4,7,4,3,0,0,7,0,3,HR,NULL,0.61,24.71,1,NULL,NULL,NULL
NULL,312721,169,Biofortification,Biofortification,CIP395017.229,CIP306416.68,3,0,0,2,0,0,2,0,5,MR,NULL,0.64,22.68,4,NULL,NULL,NULL
NULL,312721,212,Biofortification,Biofortification,CIP395017.229,CIP306416.68,4,8,4,8,1,5,6,0,5,MR,NULL,0.54,21.97,4,NULL,NULL,NULL
NULL,312721,245,Biofortification,Biofortification,CIP395017.229,CIP306416.68,4,0,0,1,0,0,2,0,7,MR,NULL,0.71,23.23,3,NULL,NULL,NULL
NULL,312721,286,Biofortification,Biofortification,CIP395017.229,CIP306416.68,3,0,0,1,0,0,6,0,5,R,S,0.96,23.9,3,NULL,NULL,NULL
NULL,312725,1,Biofortification,Biofortification,CIP395017.229,CIP306418.69,5,0,0,2,5,1,7,0,5,HR,R,0.5,21.14,3,NULL,NULL,NULL
NULL,312725,24,Biofortification,Biofortification,CIP395017.229,CIP306418.69,7,0,0,4,7,2,2,0,5,R,S,0.68,22.43,3,NULL,NULL,NULL
NULL,312725,36,Biofortification,Biofortification,CIP395017.229,CIP306418.69,7,0,0,1,7,2,6,0,5,R,R,0.46,22.28,3,NULL,NULL,NULL
NULL,312725,47,Biofortification,Biofortification,CIP395017.229,CIP306418.69,7,0,0,3,7,3,6,0,5,HR,NULL,0.45,25.16,1,NULL,NULL,NULL
NULL,312725,50,Biofortification,Biofortification,CIP395017.229,CIP306418.69,7,0,0,2,7,5,6,0,7,R,S,0.77,23.07,3,NULL,NULL,NULL
NULL,312725,55,Biofortification,Biofortification,CIP395017.229,CIP306418.69,7,0,0,3,7,4,4,2,5,HR,S,0.76,24.67,3,NULL,NULL,NULL
NULL,312725,57,Biofortification,Biofortification,CIP395017.229,CIP306418.69,6,0,0,3,6,2,6,0,5,HR,R,0.86,20.71,4,NULL,NULL,NULL
NULL,312725,62,Biofortification,Biofortification,CIP395017.229,CIP306418.69,7,0,0,3,7,2,2,0,5,R,S,0.61,21.76,3,NULL,NULL,NULL
NULL,312725,67,Biofortification,Biofortification,CIP395017.229,CIP306418.69,7,0,0,3,7,5,8,4,3,MR,NULL,0.55,21.38,5,NULL,NULL,NULL
NULL,312735,77,Biofortification,Biofortification,CIP395017.242,CIP306416.68,3,0,0,3,6,2,1,0,3,R,S,0.74,23.61,3,NULL,NULL,NULL
NULL,312735,100,Biofortification,Biofortification,CIP395017.242,CIP306416.68,4,8,7,2,8,2,1,0,5,HS,R,0.61,25,3,NULL,NULL,NULL
NULL,312735,105,Biofortification,Biofortification,CIP395017.242,CIP306416.68,4,0,0,2,0,0,2,0,3,MR,R,0.57,25.98,2,NULL,NULL,NULL
NULL,312747,56,Biofortification,Biofortification,CIP395112.32,CIP306416.68,9,0,0,2,8,5,6,0,3,MR,S,0.5,24.26,5,NULL,NULL,NULL
NULL,312751,21,Biofortification,Biofortification,CIP395112.32,CIP306418.69,7,0,0,2,7,4,7,0,3,R,R,0.9,24.18,1,NULL,NULL,NULL
NULL,312751,25,Biofortification,Biofortification,CIP395112.32,CIP306418.69,7,0,0,2,7,3,6,0,3,R,R,0.68,26.75,3,NULL,NULL,NULL
NULL,312751,28,Biofortification,Biofortification,CIP395112.32,CIP306418.69,7,0,0,2,7,3,1,0,5,HR,NULL,0.73,25.75,3,NULL,NULL,NULL
NULL,312763,51,Biofortification,Biofortification,CIP395443.103,CIP306416.68,3,0,0,2,0,0,2,0,3,MR,R,0.57,27.75,3,NULL,NULL,NULL
NULL,312763,441,Biofortification,Biofortification,CIP395443.103,CIP306416.68,4,8,7,2,8,2,1,0,5,MR,R,0.75,24.02,3,NULL,NULL,NULL
NULL,312764,6,Biofortification,Biofortification,CIP395443.103,CIP306418.1,6,0,0,2,6,2,7,0,3,R,R,0.45,24.09,3,NULL,NULL,NULL
NULL,312767,14,Biofortification,Biofortification,CIP395443.103,CIP306418.69,7,0,0,2,7,2,6,0,5,MR,NULL,0.8,24.3,3,NULL,NULL,NULL
NULL,312787,11,Biofortification,Biofortification,CIP397060.19,CIP306418.69,6,0,0,3,6,3,6,0,5,MR,R,0.87,24.05,3,NULL,NULL,NULL
NULL,312871,43,Biofortification,Biofortification,CIP780278,CIP306418.69,6,0,0,2,6,2,7,0,5,R,NULL,0.75,25.72,1,NULL,NULL,NULL
NULL,370121,NULL,Others,Others,KUFRI NEELMANI,KUFRI JYOTI,1,0,0,2,0,0,2,0,5,S,R,1.03,22,2,TIB,NULL,NULL
NULL,370122,NULL,Others,Others,EXP.A-680.16,(EXP.A-723),1,0,0,2,0,0,2,0,5,NULL,R,0.76,20,1,TA,NULL,NULL
NULL,370123,NULL,Others,Others,EXP.A-680.16 - SELF,NULL,1,0,0,2,0,0,2,0,7,MS,S,0.91,22,2,TA,NULL,NULL
NULL,380011,12,Population A,A,GRETA,SEEDLINGS 79 BULK,1,6,1,2,0,0,6,0,5,MR,R,1.02,25,2,TAB,NULL,NULL
NULL,385499,11,LTVR,LTVR,65-ZA-5,CIP377964.5,1,0,0,2,0,0,6,0,3,S,S,0.7,23,1,TAB,NULL,NULL
NULL,385556,4,Population A,A,CIP380473.6 ((85LB51.4) 380473.6),BULK-1,1,0,0,2,0,0,2,0,3,R,S,1.36,18,2,TA,NULL,NULL
NULL,385558,2,LTVR,LTVR,32) 2,NT 91.002,1,0,0,2,0,0,2,0,3,S,ER,0.87,23,3,TI,NULL,NULL
NULL,385558,4,LTVR,LTVR,32) 2,NT 91.002,1,0,0,2,0,0,6,0,3,S,R,1.01,22,3,TI,NULL,NULL
NULL,385561,124,LTVR,LTVR,38) 8,ML 91.007,1,0,0,2,0,0,2,0,5,U,H,0.63,23,2,TAB,NULL,NULL
NULL,387164,4,Population B,B3C0,CIP382171.10,CIP575049 (CEW-69-1),1,0,0,2,0,0,2,0,3,R,H,0.94,20,2,TAB,NULL,NULL
NULL,388615,22,LTVR,LTVR,B-71-240.2,CIP386614.16 (XY.16),1,0,0,2,0,0,2,0,3,S,ER,0.8,20,2,TB,NULL,NULL
NULL,388972,22,LTVR,LTVR,CIP386316.1 (XY.20),CIP377964.5,1,0,0,1,0,0,6,0,3,HS,ER,0.8,22,2,TB,NULL,NULL
NULL,389447,5,LTVR,LTVR,B-71-7448.11,CIP386614.16 (XY.16),4,0,0,1,0,0,7,0,3,S,H,0.79,21,2,TB,NULL,NULL
NULL,389468,3,LTVR,LTVR,CIP720087 (SERRANA),CIP388216.1 (YY.5),1,0,0,2,0,0,6,0,3,HS,ER,1.04,22,3,TB,NULL,NULL
NULL,389746,2,Population B,B3C0,CIP381379.9,CIP386614.16 (XY.16),1,5,2,2,0,0,6,0,3,R,ER,1.14,21,1,TAB,NULL,NULL
NULL,390637,1,LTVR,LTVR,PW-31,CIP385305.1 (XY.9),1,0,0,2,0,0,2,0,5,HS,ER,0.63,19,2,TB,NULL,NULL
NULL,390663,8,LTVR,LTVR,CIP720087 (SERRANA),CIP386316.14 (XY.14),1,0,0,1,0,0,6,0,3,HS,H,0.78,23,2,TB,NULL,NULL
NULL,391002,6,Population B,B3C1,CIP386209.1,CIP386206.4,1,0,0,2,0,0,6,0,3,R,R,0.7,21,2,TAB,NULL,NULL
NULL,391004,18,Population B,B3C1,CIP387004.4,CIP386206.4,1,0,0,3,0,0,7,0,3,R,HS,0.77,22,2,TA,NULL,NULL
NULL,391011,17,Population B,B3C1,CIP387041.12,CIP386206.4,1,0,0,4,0,0,7,0,3,R,R,0.95,20,1,TA,NULL,NULL
NULL,391046,14,Population B,B3C1,CIP386209.1,CIP387338.3,1,0,0,4,0,0,6,0,3,MR,ER,0.66,20,2,TA,NULL,NULL
NULL,391047,34,Population B,B3C1,CIP386209.10,CIP387338.3,1,0,0,4,0,0,2,0,3,R,HS,0.79,20,2,TA,NULL,NULL
NULL,391058,175,Population B,B3C1,CIP387170.16,CIP387338.3,1,0,0,4,0,0,6,1,3,R,S,0.86,22,2,TA,NULL,NULL
NULL,391065,69,Population B,B3C1,CIP387348.20,CIP387338.3,1,0,0,2,0,0,7,0,3,R,S,0.6,18,1,TA,NULL,NULL
NULL,391065,81,Population B,B3C1,CIP387348.20,CIP387338.3,1,0,0,2,0,0,6,1,3,R,HS,0.73,18,2,TA,NULL,NULL
NULL,391137,7,Population B,B3C1,CIP387181.5,CIP387338.3,1,0,0,2,0,0,7,0,3,R,R,1.19,19,3,TA,NULL,NULL
NULL,391180,6,LTVR,LTVR,CIP385305.1 (XY.9),CIP378017.2 (LT-7),1,0,0,2,0,0,6,0,3,S,ER,0.7,22,2,TB,NULL,NULL
NULL,391207,2,LTVR,LTVR,CIP800959 (GRANOLA),CIP385305.1 (XY.9),1,0,0,1,0,0,2,0,3,S,ER,0.69,20,3,TB,NULL,NULL
NULL,391382,18,Others,Others,MARIELA,CIP386287.1 (XY.4),1,0,0,1,0,0,6,0,5,S,ER,NULL,21,2,NULL,NULL,NULL
NULL,391533,1,LTVR,LTVR,G-7445,CIP385280.1 (XY.13),1,0,0,2,0,0,2,0,3,HR,ER,0.6,22,3,TB,NULL,NULL
NULL,391580,30,Population B,B3C1,CIP387002.2,CIP387214.9,1,0,0,4,0,0,6,0,3,R,S,0.73,21,1,TA,NULL,NULL
NULL,391583,25,Population B,B3C1,CIP386209.15,CIP387170.9,1,0,0,2,0,0,2,0,3,R,HS,0.83,21,1,TA,NULL,NULL
NULL,391585,167,Population B,B3C1,CIP387132.2,CIP387170.9,1,5,4,2,0,0,6,0,3,R,S,1.05,22,1,TA,NULL,NULL
NULL,391585,179,Population B,B3C1,CIP387132.2,CIP387170.9,1,5,4,2,0,0,6,0,5,R,HS,1.01,20,1,TA,NULL,NULL
NULL,391585,5,Population B,B3C1,CIP387132.2,CIP387170.9,5,1,4,1,0,0,6,0,3,R,HS,0.82,21,2,TA,NULL,NULL
NULL,391724,1,LTVR,LTVR,CIP800959 (GRANOLA),CIP386316.1 (XY.20),1,0,0,3,0,0,4,0,5,HS,S,0.85,20,3,TB,NULL,NULL
NULL,391846,5,LTVR,LTVR,MARIELA,CIP385305.1 (XY.9),1,0,0,2,0,0,2,0,5,HS,ER,0.71,19,2,TB,NULL,NULL
NULL,391919,3,LTVR,LTVR,69.4 (1043) BW,NULL,8,6,5,5,7,4,7,0,5,HR,S,0.9,22,3,TA,NULL,NULL
NULL,391930,1,Bacterial wilt,BW,BWH-87.338,SELF,1,0,0,2,0,0,7,0,5,S,S,0.89,22,3,TA,NULL,NULL
NULL,391931,1,Bacterial wilt,BW,SR-17.50,SELF,1,0,0,2,0,0,7,0,3,S,S,0.92,22,3,TA,NULL,NULL
NULL,392025,7,LTVR,LTVR,LINEA 21,CIP386614.16 (XY.16),1,0,0,4,0,0,7,0,3,MR,ER,0.99,22,3,TB,NULL,NULL
NULL,392032,2,LTVR,LTVR,LOTOS,CIP385280.1 (XY.13),1,0,0,2,0,0,2,0,3,S,S,0.9,24,3,TI,NULL,NULL
NULL,392278,19,LTVR,LTVR,BWH-87.254,CIP382157.30,5,0,0,3,0,0,2,0,5,S,HS,0.92,21,4,TA,NULL,NULL
NULL,392285,72,Others,Others,36.14,CIP382157.30,1,0,0,2,0,0,6,0,3,HR,ER,0.9,25,2,TIA,NULL,NULL
NULL,392617,54,Population B,B3C1,CIP387002.11,CIP387170.9,1,5,4,1,0,0,6,0,3,R,S,0.83,20,2,TA,NULL,NULL
NULL,392633,54,Population B,B3C1,CIP387132.2,CIP387334.5,1,0,0,2,0,0,7,0,3,R,S,0.91,22,1,TA,NULL,NULL
NULL,392633,64,Population B,B3C1,CIP387132.2,CIP387334.5,1,0,0,4,0,0,7,1,3,R,R,0.79,20,1,TA,NULL,NULL
NULL,392634,49,Population B,B3C1,CIP387136.14,CIP387170.9,1,0,0,2,0,0,6,0,3,R,HS,0.83,22,1,TA,NULL,NULL
NULL,392634,52,Population B,B3C1,CIP387136.14,CIP387170.9,8,0,0,1,0,0,6,0,5,R,S,0.68,21,1,TA,NULL,NULL
NULL,392637,10,Population B,B3C1,CIP387143.22,CIP387170.9,1,5,4,2,0,0,2,0,3,R,S,0.81,21,1,TA,NULL,NULL
NULL,392637,27,Population B,B3,CIP387143.22,CIP387170.9,1,5,4,2,0,0,6,0,3,MR,HS,1,18,3,TAB,NULL,NULL
NULL,392639,34,Population B,B3C1,CIP387143.22,CIP387334.5,1,0,0,2,0,0,6,0,3,R,S,0.94,19,1,TA,NULL,NULL
NULL,392640,18,Population B,B3C1,CIP387164.4,CIP387170.9,1,0,0,2,0,0,2,0,3,R,S,1,21,2,TA,NULL,NULL
NULL,392650,12,Population B,B3,CIP387181.7,CIP387170.9,1,0,0,2,0,0,7,0,3,ER,HS,0.91,22,2,TAB,NULL,NULL
NULL,392657,171,Population B,B3C1,CIP387341.1,CIP387170.9,1,0,0,2,0,0,6,0,3,R,HS,0.82,23,1,TA,NULL,NULL
NULL,392657,8,Population B,B3C1,CIP387341.1,CIP387170.9,1,5,4,1,0,0,6,0,3,R,R,1.03,21,1,TA,NULL,NULL
NULL,392661,18,Population A,A,CIP389743.1,CIP390357.4,1,5,6,2,0,0,6,0,3,R,R,1.04,21,3,TA,NULL,NULL
NULL,392739,4,LTVR,LTVR,CIP86001,CIP386614.16 (XY.16),1,0,0,2,0,0,6,0,3,MS,ER,1.08,20,5,TAB,NULL,NULL
NULL,392740,4,LTVR,LTVR,CIP87055,CIP386614.16 (XY.16),1,0,0,2,0,0,6,0,3,HS,ER,0.89,20,3,TB,NULL,NULL
NULL,392745,7,LTVR,LTVR,CIP88078,CIP386316.1 (XY.20),1,0,0,2,0,0,6,0,3,S,ER,0.99,20,3,TB,NULL,NULL
NULL,392759,1,LTVR,LTVR,CIP388676.1 (Y84.027),PENTLAND CROWN,1,0,0,1,0,0,6,0,5,S,ER,1.04,24,3,TB,NULL,NULL
NULL,392821,1,LTVR,LTVR,PW-31,CIP385280.1 (XY.13),1,0,0,4,0,0,2,0,3,R,S,0.9,25,3,TB,NULL,NULL
NULL,392822,3,LTVR,LTVR,MARIELA,YY.1,4,0,0,2,0,0,2,0,3,HS,ER,0.65,21,2,TB,NULL,NULL
NULL,392973,48,Others,Others,KRASA,CIP385280.1 (XY.13),6,0,0,1,0,0,6,0,5,S,S,NULL,26,2,NULL,NULL,NULL
NULL,393073,179,Population B,B3C1,CIP387015.13,CIP389746.2,1,5,4,2,0,0,6,0,3,R,S,0.79,18,1,TA,NULL,NULL
NULL,393073,197,Population B,B3C1,CIP387015.13,CIP389746.2,1,0,0,2,0,0,6,1,3,R,S,0.74,23,1,TA,NULL,NULL
NULL,393075,54,Population B,B3C1,CIP387315.27,CIP389746.2,1,0,0,2,0,0,2,0,3,R,S,0.98,21,1,TA,NULL,NULL
NULL,393077,162,Population B,B3C1,CIP387348.20,CIP389746.2,1,5,2,1,0,0,6,0,3,R,HS,0.92,21,1,TA,NULL,NULL
NULL,393079,24,Population B,B3C1,CIP387004.13,CIP390357.4,1,0,0,2,0,0,6,0,3,R,HS,0.9,23,2,TA,NULL,NULL
NULL,393079,4,Population B,B3C1,CIP387004.13,CIP390357.4,1,0,0,2,0,0,6,0,3,R,S,0.88,22,2,TA,NULL,NULL
NULL,393083,2,Population B,B3C1,CIP387315.27,CIP390357.4,5,1,4,2,0,0,6,0,3,R,S,0.55,17,1,TA,NULL,NULL
NULL,393084,31,Population B,B3C1,CIP387326.27,CIP390357.4,1,5,4,2,0,0,6,0,3,R,ER,0.67,19,2,TA,NULL,NULL
NULL,393085,5,Population B,B3C1,CIP387348.20,CIP390357.4,1,0,0,2,0,0,6,0,3,R,R,0.64,22,2,TA,NULL,NULL
NULL,393220,54,Population B,B3C1,CIP381400.22,CIP387170.9,1,5,4,3,0,0,7,0,3,R,H,0.66,21,1,TA,NULL,NULL
NULL,393227,66,Population B,B3C1,CIP386209.10,CIP381400.22,1,5,4,2,0,0,2,0,3,R,HS,1.01,19,2,TA,NULL,NULL
NULL,393228,67,Population B,B3C1,CIP386209.10,CIP387170.9,1,5,4,1,0,0,2,0,3,R,S,0.7,21,3,TA,NULL,NULL
NULL,393242,50,Population B,B3C1,CIP387002.11,CIP381400.22,1,0,0,2,0,0,7,0,3,R,ER,0.45,23,1,TA,NULL,NULL
NULL,393248,55,Others,B3C1,CIP387002.11,CIP386614.16 (XY.16),1,0,0,1,0,0,2,0,3,R,S,1.15,19,1,TA,NULL,NULL
NULL,393280,57,Population B,B3C1,CIP387015.3,CIP386316.14 (XY.14),6,0,0,3,0,0,6,0,5,R,S,0.97,16,1,TA,NULL,NULL
NULL,393280,82,Population B,B3C1,CIP387015.3,CIP386316.14 (XY.14),6,0,0,4,0,0,6,0,3,R,S,1.02,22,1,TA,NULL,NULL
NULL,393280,83,Population B,B3C1,CIP387015.3,CIP386316.14 (XY.14),6,0,0,4,0,0,2,0,3,R,HS,1.02,21,1,TA,NULL,NULL
NULL,393284,39,Population B,B3C1,CIP387015.12,CIP387170.9,1,0,0,2,0,0,6,1,3,R,ER,0.83,23,1,TA,NULL,NULL
NULL,393339,242,Population B,B3C1,CIP387164.4,SANI IMILLA,8,0,0,2,0,0,2,0,3,R,S,0.82,22,2,TA,NULL,NULL
NULL,393349,68,Population B,B3C1,CIP387170.6,CIP387338.3,1,5,2,4,0,0,6,1,3,R,S,1.04,23,1,TA,NULL,NULL
NULL,393371,157,Population B,B3C1,CIP387170.16,CIP389746.2,1,5,4,2,0,0,6,1,3,R,ER,1.16,21,1,TA,NULL,NULL
NULL,393371,159,Population B,B3C1,CIP387170.16,CIP389746.2,1,5,4,2,0,0,5,0,3,R,ER,0.58,19,1,TA,NULL,NULL
NULL,393371,164,Population B,B3C1,CIP387170.16,CIP389746.2,1,5,4,2,0,0,6,0,3,R,S,0.85,21,1,TA,NULL,NULL
NULL,393385,47,LTVR,B3C1,CIP387231.7,CIP387170.9,1,5,4,2,0,0,6,0,5,R,S,1,20,3,TA,NULL,NULL
NULL,393385,57,LTVR,B3C1,CIP387231.7,CIP387170.9,6,0,0,2,0,0,6,1,5,R,HS,0.8,22,1,TA,NULL,NULL
NULL,393536,13,LTVR,LTVR,BEROLINA,CIP386287.1 (XY.4),1,0,0,2,0,0,6,0,5,HS,R,0.8,26,2,TB,NULL,NULL
NULL,393595,1,LTVR,LTVR,B71.74.49.12,CIP385305.1 (XY.9),1,0,0,1,0,0,2,0,5,S,ER,0.68,23,1,TB,NULL,NULL
NULL,393613,2,LTVR,LTVR,CIP391896.15 (DXY.15),CIP391894.7 (DXY.7),1,0,0,2,0,0,6,0,3,HS,ER,0.71,26,2,TB,NULL,NULL
NULL,393614,3,LTVR,LTVR,CIP391895.10 (DXY.10),CIP391896.15 (DXY.15),1,0,0,2,0,0,6,0,3,R,ER,1.01,25,3,TI,NULL,NULL
NULL,393615,6,LTVR,LTVR,DXY.33,CIP391896.15 (DXY.15),1,0,0,2,0,0,6,0,3,S,ER,0.81,24,2,TB,NULL,NULL
NULL,393617,1,LTVR,LTVR,CIP391896.15 (DXY.15),DXY.33,1,0,0,2,0,0,6,0,3,R,ER,0.95,23,2,TB,NULL,NULL
NULL,393708,31,LTVR,LTVR,PW-31,CIP391895.10 (DXY.10),1,0,0,2,0,0,6,0,3,S,ER,0.95,26,2,TB,NULL,NULL
NULL,394034,65,Others,Others,B79.638.1,CIP676008 (I-1039),6,0,0,2,0,0,2,0,7,R,HS,NULL,24,2,NULL,NULL,NULL
NULL,394034,7,LTVR,LTVR,B79.638.1,CIP676008 (I-1039),6,0,0,4,0,0,7,0,5,MR,H,0.69,20,2,TI,NULL,NULL
NULL,394223,19,Others,Others,XY.13,C-282LM87B,1,0,0,1,0,0,6,0,3,MS,ER,NULL,23,3,NULL,NULL,NULL
NULL,394223,9,Others,Others,XY.13,C-282LM87B,2,0,0,1,0,0,2,0,5,S,R,NULL,24,3,NULL,NULL,NULL
NULL,394579,36,Others,Others,KONDOR,CIP393615.6 (TXY.6),5,0,0,2,0,0,6,0,5,MS,S,NULL,19,3,NULL,NULL,NULL
NULL,394600,52,LTVR,LTVR,CIP388611.22 (C91.612),CIP388972.22 (C89.315),1,0,0,3,0,0,6,0,3,S,ER,1.17,20,2,TB,NULL,NULL
NULL,394611,112,LTVR,LTVR,CIP780280 (PW-88-6203),CIP676008 (I-1039),6,0,0,4,0,0,6,0,5,R,ER,0.87,24,1,TI,NULL,NULL
NULL,394613,139,LTVR,LTVR,TXY.4,CIP676008 (I-1039),6,0,0,2,0,0,2,0,7,MS,ER,1.09,25,2,TI,NULL,NULL
NULL,394613,32,LTVR,LTVR,TXY.4,CIP676008 (I-1039),6,0,0,4,0,0,2,0,7,S,ER,0.95,24,1,TI,NULL,NULL
NULL,394614,117,LTVR,LTVR,TXY.8,CIP676008 (I-1039),6,0,0,4,0,0,6,0,5,MS,ER,1.14,21,3,TI,NULL,NULL
NULL,394881,8,LTVR,LTVR,B84-606.5,CIP386287.1 (XY.4),1,0,0,1,0,0,2,0,3,HS,ER,0.32,21,2,TI,NULL,NULL
NULL,394895,7,LTVR,LTVR,BWH-87.230R,C90.205,1,0,0,2,0,0,7,0,3,R,S,1.02,23,2,TA,NULL,NULL
NULL,394898,13,Others,Others,28.68,BWH-87.344R,6,0,0,2,0,0,2,0,5,Rpi gene?,ER,NULL,22,2,NULL,NULL,NULL
NULL,394899,5,LTVR,LTVR,28.68,C90.205,1,0,0,2,0,0,6,0,3,MS,ER,0.91,23,1,TA,NULL,NULL
NULL,394900,1,Others,Others,34.73,BWH-87.344R,6,0,0,2,0,0,2,0,7,MR,R,NULL,21,2,NULL,NULL,NULL
NULL,394901,2,Others,Others,34.73,CIP393617.1 (TXY.11),1,0,0,1,0,0,2,0,5,S,ER,NULL,31,1,NULL,NULL,NULL
NULL,394903,3,LTVR,LTVR,CIP720118.1 (37-35A),BWH-87.183,1,0,0,4,0,0,6,0,3,R,S,0.98,23,2,TA,NULL,NULL
NULL,394904,20,Others,Others,CIP720118.1 (37-35A),C90.205,1,0,0,3,0,0,6,0,3,HR,H,0.96,25,2,TIA,NULL,NULL
NULL,394904,21,LTVR,LTVR,CIP720118.1 (37-35A),C90.205,1,0,0,2,0,0,2,0,3,S,HS,0.9,23,2,TA,NULL,NULL
NULL,394905,8,LTVR,LTVR,CIP720118 (CRUZA 148),C90.205,1,0,0,1,0,0,2,0,3,MR,H,0.87,22,4,TA,NULL,NULL
NULL,394906,6,LTVR,LTVR,BWH-87.420,C90.205,1,0,0,2,0,0,2,0,3,HR,S,1.15,23,3,TA,NULL,NULL
NULL,395017,14,Population B,B3C2,CIP393085.13,CIP392639.8,1,0,0,2,0,0,6,0,3,MR,NULL,0.92,19,2,TA,NULL,NULL
NULL,395017,227,Population B,B3C2,CIP393085.13,CIP392639.8,1,0,0,3,0,0,6,0,3,R,NULL,1.16,18,3,TA,NULL,NULL
NULL,395017,229,Population B,B3C2,CIP393085.13,CIP392639.8,1,0,0,3,0,0,6,0,3,R,NULL,1.03,19,2,TA,NULL,NULL
NULL,395017,242,Population B,B3C2,CIP393085.13,CIP392639.8,1,0,0,2,0,0,6,0,3,R,NULL,1.22,18,3,TA,NULL,NULL
NULL,395037,107,Population B,B3C2,CIP391004.4,CIP391679.12,1,5,4,3,0,0,6,0,3,R,NULL,1.11,21,2,TA,NULL,NULL
NULL,395077,12,Population B,B3C2,CIP391586.109,CIP393053.6,1,5,4,2,0,0,6,0,3,R,NULL,0.75,20,1,TA,NULL,NULL
NULL,395084,9,Population B,B3C2,CIP392633.6,CIP393053.6,1,5,1,2,0,0,6,0,3,MR,NULL,0.51,20,1,TA,NULL,NULL
NULL,395096,2,Population B,B3C2,CIP393085.5,CIP393053.6,1,5,3,4,0,0,7,0,3,MR,NULL,0.92,22,1,TA,NULL,NULL
NULL,395109,29,Population B,B3C2,CIP391589.26,CIP393079.4,1,0,0,4,0,0,6,0,3,MR,NULL,1.15,21,1,TA,NULL,NULL
NULL,395109,34,Population B,B3C2,CIP391589.26,CIP393079.4,1,5,4,1,0,0,6,0,3,R,NULL,0.48,18,1,TA,NULL,NULL
NULL,395112,19,Population B,B3C2,CIP391686.15,CIP393079.4,5,0,0,2,0,0,2,0,3,R,NULL,1.18,21,1,TA,NULL,NULL
NULL,395112,32,Population B,B3C2,CIP391686.15,CIP393079.4,5,0,0,2,0,0,7,0,3,MR,NULL,1.23,19,1,TA,NULL,NULL
NULL,395112,36,Population B,B3C2,CIP391686.15,CIP393079.4,6,0,0,3,0,0,6,0,3,MR,NULL,1.14,19,1,TA,NULL,NULL
NULL,395112,6,Population B,B3C2,CIP391686.15,CIP393079.4,1,0,0,2,0,0,6,0,3,R,NULL,0.95,18,1,TA,NULL,NULL
NULL,395112,9,Population B,B3C2,CIP391686.15,CIP393079.4,5,0,0,3,0,0,7,0,3,MR,NULL,0.7,19,3,TA,NULL,NULL
NULL,395114,5,Population B,B3C2,CIP392633.2,CIP393079.4,1,0,0,2,0,0,7,0,3,MR,NULL,1.03,19,3,TA,NULL,NULL
NULL,395123,6,Population B,B3C2,CIP393046.7,CIP393079.4,1,8,4,4,0,0,6,0,3,R,NULL,0.6,19,1,TA,NULL,NULL
NULL,395169,17,Population B,B3C2,CIP392652.8,CIP391679.12,1,0,0,2,0,0,6,0,3,R,NULL,0.72,21,1,TA,NULL,NULL
NULL,395169,4,Population B,B3C2,CIP392652.8,CIP391679.12,1,5,4,3,0,0,6,0,3,MR,NULL,0.53,21,NULL,TA,NULL,NULL
NULL,395186,6,Others,Others,C91.902,C92.032,2,0,0,2,0,0,7,0,3,S,S,NULL,24,2,NULL,NULL,NULL
NULL,395192,1,LTVR,LTVR,CIP388611.22 (C91.612),C92.044,1,0,0,1,0,0,6,0,3,HS,ER,0.74,23,1,TI,NULL,NULL
NULL,395193,6,LTVR,LTVR,CIP388611.22 (C91.612),C92.030,1,0,0,2,0,0,2,0,3,HS,ER,0.69,21,2,TI,NULL,NULL
NULL,395194,9,LTVR,LTVR,C93.059,C93.030,1,0,0,2,0,0,6,0,3,HS,ER,0.83,20,2,TAB,NULL,NULL
NULL,395195,7,LTVR,LTVR,CIP388611.22 (C91.612),C92.167,1,0,0,1,0,0,6,0,5,HS,ER,0.89,20,2,TI,NULL,NULL
NULL,395196,4,LTVR,LTVR,ES-92.005,BK-RKN-1,2,0,0,1,0,0,2,0,3,NULL,ER,0.71,19,1,TI,NULL,NULL
NULL,395197,5,LTVR,LTVR,C91.921,BK-RKN-3,2,0,0,2,0,0,2,0,5,HS,ER,0.88,22,2,TI,NULL,NULL
NULL,395432,51,LTVR,LTVR,CIP388615.22 (C91.640),C92.030,1,0,0,1,0,0,6,0,3,S,ER,1.11,25,2,TI,NULL,NULL
NULL,395434,1,LTVR,LTVR,CIP388611.22 (C91.612),N93.067,1,0,0,2,0,0,6,0,3,MS,ER,0.93,24,3,TI,NULL,NULL
NULL,395436,8,LTVR,LTVR,CIP388615.22 (C91.640),CIP388615.22 (C91.640),8,0,0,2,7,3,6,0,5,MS,ER,0.98,23,3,TB,NULL,NULL
NULL,395438,1,LTVR,LTVR,BWH-87.344R,CIP393617.1 (TXY.11),6,0,0,2,6,4,6,0,3,HS,ER,0.72,24,3,TA,NULL,NULL
NULL,395445,16,Bacterial wilt,BW,BWH-87.415,CIP391894.7 (DXY.7),5,6,1,2,0,0,2,0,5,HS,S,0.88,22,2,TA,NULL,NULL
NULL,395446,1,Others,Others,BWH-87.446R,CIP393613.2 (TXY.2),1,0,0,2,0,0,2,0,3,S,ER,0.91,26,3,TIA,NULL,NULL
NULL,395448,1,LTVR,LTVR,CIP393617.1 (TXY.11),CIPBWH-87.344R,1,5,4,1,0,0,2,0,5,MS,ER,0.81,22,2,TA,NULL,NULL
NULL,396004,225,Population B,B3C2,CIP391002.6,CIP393382.64,6,0,0,2,0,0,6,0,3,R,NULL,0.65,20,1,TA,NULL,NULL
NULL,396004,263,Population B,B3C2,CIP391002.6,CIP393382.64,6,0,0,3,0,0,6,0,3,MR,NULL,0.91,20,1,TA,NULL,NULL
NULL,396004,337,Population B,B3C2,CIP391002.6,CIP393382.64,1,0,0,2,0,0,6,0,3,R,NULL,0.71,21,1,TA,NULL,NULL
NULL,396008,104,Population B,B3C2,CIP391002.15,CIP393382.64,6,0,0,1,0,0,6,0,3,R,NULL,1.67,23,1,TAB,NULL,NULL
NULL,396009,239,Population B,B3C2,CIP391004.4,CIP393280.58,1,5,1,3,0,0,6,0,3,MR,NULL,0.97,22,1,TA,NULL,NULL
NULL,396009,240,Population B,B3C2,CIP391004.4,CIP393280.58,1,5,1,3,0,0,6,0,3,MR,NULL,0.93,23,1,TA,NULL,NULL
NULL,396009,258,Population B,B3C2,CIP391004.4,CIP393280.58,1,0,0,3,0,0,6,0,5,MR,NULL,1.05,20,3,TA,NULL,NULL
NULL,396012,266,Population B,B3C2,CIP391004.10,CIP393280.58,8,0,0,3,0,0,6,0,3,R,NULL,0.91,21,1,TA,NULL,NULL
NULL,396018,241,Population B,B3C2,CIP391046.14,CIP393280.58,6,0,0,3,0,0,6,0,5,R,NULL,1.29,21,2,TA,NULL,NULL
NULL,396023,109,Population B,B3C2,CIP391047.34,CIP393280.57,1,8,4,3,0,0,6,0,3,R,NULL,1.03,18,1,TA,NULL,NULL
NULL,396026,101,Population B,B3C2,CIP392633.4,CIP393280.64,5,0,0,2,0,0,6,0,5,R,NULL,0.83,23,1,TA,NULL,NULL
NULL,396026,103,Population B,B3C2,CIP392633.4,CIP393280.64,6,0,0,2,0,0,6,0,3,R,NULL,0.46,18,2,TA,NULL,NULL
NULL,396027,111,Population B,B3C2,CIP392633.23,CIP393382.64,1,0,0,2,0,0,6,0,3,MR,NULL,1.87,22,1,TAB,NULL,NULL
NULL,396029,205,Population B,B3C2,CIP392633.54,CIP393382.64,1,0,0,4,0,0,6,0,3,MR,NULL,0.85,21,2,TA,NULL,NULL
NULL,396029,250,Population B,B3C2,CIP392633.54,CIP393382.64,1,0,0,3,0,0,6,0,3,R,NULL,1.26,23,3,TA,NULL,NULL
NULL,396031,108,Population B,B3C2,CIP392633.64,CIP393382.64,1,0,0,2,0,0,6,0,3,R,NULL,0.92,20,1,TA,NULL,NULL
NULL,396031,119,Population B,B3C2,CIP392633.64,CIP393382.64,5,1,4,3,0,0,6,0,3,R,NULL,0.94,22,2,TA,NULL,NULL
NULL,396033,102,Population B,B3C2,CIP392639.53,CIP393382.64,5,0,0,4,0,0,6,0,3,R,NULL,0.94,21,1,TA,NULL,NULL
NULL,396034,103,Population B,B3C2,CIP393042.50,CIP393280.64,5,0,0,4,0,0,6,0,3,R,NULL,1.04,20,2,TA,NULL,NULL
NULL,396034,268,Population B,B3C2,CIP393042.50,CIP393280.64,6,0,0,3,0,0,6,0,3,R,NULL,1.39,21,2,TA,NULL,NULL
NULL,396037,215,Population B,B3C2,CIP393077.54,CIP393382.64,1,0,0,4,0,0,6,0,3,R,NULL,0.89,20,2,TAB,NULL,NULL
NULL,396038,101,Population B,B3C2,CIP393077.54,CIP393280.64,1,5,4,2,0,0,6,0,3,MR,NULL,0.7,20,2,TA,NULL,NULL
NULL,396038,105,Population B,B3C2,CIP393077.54,CIP393280.64,6,0,0,2,0,0,6,0,3,MR,NULL,1.01,18,1,TA,NULL,NULL
NULL,396038,107,Population B,B3C2,CIP393077.54,CIP393280.64,5,1,4,2,0,0,6,0,3,MR,NULL,0.71,19,2,TA,NULL,NULL
NULL,396043,226,Population B,B3C2,CIP393401.55,CIP393280.57,6,0,0,2,0,0,6,0,3,R,NULL,0.95,19,2,TAB,NULL,NULL
NULL,396046,105,Population B,B3C2,TXY.4,CIP393280.64,6,0,0,2,0,0,6,0,3,R,NULL,0.99,21,1,TA,NULL,NULL
NULL,396236,20,Population B,B3C2,CIP393072.55,CIP391679.7,8,0,0,4,0,0,6,0,3,R,NULL,1.09,20,2,TA,NULL,NULL
NULL,396240,2,Population B,B3C2,CIP393371.58,CIP391679.12,1,5,1,3,0,0,7,0,3,R,NULL,0.69,19,1,TA,NULL,NULL
NULL,396240,23,Population B,B3C2,CIP393371.58,CIP391679.12,1,0,0,3,0,0,7,0,3,R,NULL,0.67,NULL,NULL,TA,NULL,NULL
NULL,396241,4,Population B,B3C2,CIP392634.52,CIP392626.9,1,8,4,2,0,0,6,0,5,MR,NULL,1.08,20,1,TA,NULL,NULL
NULL,396244,12,Population B,B3C2,CIP391580.30,CIP392633.10,1,0,0,3,0,0,6,0,3,R,NULL,0.48,24,2,TA,NULL,NULL
NULL,396244,17,Population B,B3C2,CIP391580.30,CIP392633.10,1,0,0,3,0,0,6,0,3,MR,NULL,0.81,23,2,TAB,NULL,NULL
NULL,396247,15,Population B,B3C2,CIP392637.27,CIP392633.10,1,5,4,3,0,0,6,0,3,MR,NULL,0.76,21,2,TAB,NULL,NULL
NULL,396285,1,LTVR,LTVR,CIP393617.1 (TXY.11),104.12 LB,1,5,2,1,0,0,2,0,5,HS,ER,0.64,21,3,TB,NULL,NULL
NULL,397006,18,LTVR,LTVR,CIP389468.3 (92.119),88.052,1,0,0,2,0,0,6,0,3,HS,ER,0.9,19,4,TB,NULL,NULL
NULL,397012,20,Others,Others,CIP391846.5 (LR93.309),88.052,1,0,0,1,0,0,6,0,3,MS,R,NULL,20,2,NULL,NULL,NULL
NULL,397012,22,LTVR,LTVR,CIP391846.5 (LR93.309),88.052,1,0,0,2,0,0,6,0,3,S,ER,0.85,22,2,TB,NULL,NULL
NULL,397014,2,Others,Others,CIP392739.4 (92.062),88.108,2,0,0,1,0,0,2,0,3,R,R,NULL,22,2,NULL,NULL,NULL
NULL,397016,7,LTVR,LTVR,92.119,88.108,1,0,0,2,0,0,4,0,3,HS,R,0.81,22,2,TB,NULL,NULL
NULL,397029,21,LTVR,LTVR,92.118,92.187,1,0,0,2,0,0,2,0,3,S,ER,0.97,23,3,TB,NULL,NULL
NULL,397035,26,Others,Others,CIP392823.4 (LR93.120),92.187,2,0,0,1,0,0,6,0,3,S,R,NULL,22,3,NULL,NULL,NULL
NULL,397036,7,LTVR,LTVR,CIP392011.1 (LR93.160),CIP392745.7 (92.187),1,0,0,2,0,0,6,0,3,S,HS,1.53,17,5,TB,NULL,NULL
NULL,397039,51,LTVR,LTVR,CIP388615.22 (C91.640),CIP388972.22 (C89.315),1,0,0,1,0,0,6,0,3,S,ER,0.83,22,3,TB,NULL,NULL
NULL,397039,53,LTVR,LTVR,CIP388615.22 (C91.640),CIP388972.22 (C89.315),1,0,0,1,0,0,6,0,3,MS,ER,0.87,21,3,TB,NULL,NULL
NULL,397044,25,LTVR,LTVR,CIP388611.22 (C91.612),CIP391180.6 (C90.266),1,0,0,2,0,0,6,0,3,S,ER,0.67,17,4,TB,NULL,NULL
NULL,397055,2,LTVR,LTVR,88052,CIP392820.1 (C93.154),1,0,0,2,0,0,6,0,3,HS,ER,0.9,19,5,TB,NULL,NULL
NULL,397060,19,LTVR,LTVR,CIP392739.4 (92.062),CIP392820.1 (C93.154),2,0,0,4,0,0,7,0,3,MR,ER,0.74,21,3,TB,NULL,NULL
NULL,397065,2,LTVR,LTVR,CIP391180.6 (C90.266),CIP392820.1 (C93.154),1,0,0,2,0,0,6,0,3,S,R,1.09,21,3,TB,NULL,NULL
NULL,397065,28,LTVR,LTVR,CIP391180.6 (C90.266),CIP392820.1 (C93.154),1,0,0,2,0,0,6,0,3,HS,ER,1.13,21,2,TB,NULL,NULL
NULL,397067,2,LTVR,LTVR,CIP390663.8 (C91.628),CIP392820.1 (C93.154),1,0,0,2,0,0,6,0,3,S,S,0.85,25,3,TB,NULL,NULL
NULL,397069,11,LTVR,LTVR,CIP392797.22 (C92.140),CIP392820.1 (C93.154),1,0,0,4,0,0,6,0,3,S,R,0.67,20,4,TB,NULL,NULL
NULL,397069,5,LTVR,LTVR,CIP392797.22 (C92.140),CIP392820.1 (C93.154),6,0,0,4,6,2,7,0,3,HS,ER,1.08,21,3,TB,NULL,NULL
NULL,397073,15,Others,Others,CIP392823.4 (LR93.120),CIP392820.1 (C93.154),1,0,0,2,0,0,6,0,3,MR,HS,NULL,22,3,NULL,NULL,NULL
NULL,397073,7,LTVR,LTVR,CIP392823.4 (LR93.120),CIP392820.1 (C93.154),1,0,0,2,0,0,6,0,3,HS,ER,1.02,20,5,TB,NULL,NULL
NULL,397078,12,Others,Others,CIP391846.5 (LR93.309),CIP392820.1 (C93.154),2,0,0,1,0,0,6,0,3,R,ER,NULL,19,3,NULL,NULL,NULL
NULL,397079,26,LTVR,LTVR,CIP386768.10 (MARIA TAMBE脩A),CIP392820.1 (C93.154),1,0,0,2,0,0,6,0,3,S,S,0.97,23,5,TB,NULL,NULL
NULL,397079,6,LTVR,LTVR,CIP386768.10 (MARIA TAMBE脩A),CIP392820.1 (C93.154),1,0,0,2,0,0,6,0,3,S,S,1.07,22,4,TB,NULL,NULL
NULL,397098,12,LTVR,LTVR,CIP391533.1 (LR93.060),CIP391207.2 (LR93.050),1,0,0,2,0,0,6,0,3,S,ER,1.08,23,3,TB,NULL,NULL
NULL,397099,4,LTVR,LTVR,CIP392822.3 (LR93.073),CIP391207.2 (LR93.050),1,0,0,2,0,0,7,0,3,S,ER,0.7,20,4,TB,NULL,NULL
NULL,397100,9,LTVR,LTVR,CIP392823.4 (LR93.120),CIP391207.2 (LR93.050),1,0,0,2,0,0,6,0,3,HS,ER,0.75,17,4,TB,NULL,NULL
NULL,397196,3,LTVR,LTVR,CIP392797.22,CIP388611.22 (C91.612),6,0,0,2,0,0,6,0,3,MR,ER,1.03,23,3,TB,NULL,NULL
NULL,397196,8,LTVR,LTVR,CIP392797.22,CIP388611.22 (C91.612),6,0,0,4,0,0,7,0,3,HS,ER,0.76,20,3,TB,NULL,NULL
NULL,397197,9,LTVR,LTVR,CIP388615.22 (C91.640),CIP388972.22,1,0,0,1,0,0,6,0,3,HS,ER,0.87,21,3,TB,NULL,NULL
NULL,398017,53,LBHT-1,LBHT-1,CIP391002.6,CIP392639.31,1,0,0,2,0,0,6,0,3,R,ER,0.92,21,3,TI,NULL,NULL
NULL,398098,119,LBHT-1,LBHT-1,CIP393371.58,CIP392639.31,1,0,0,2,0,0,6,0,3,R,S,0.65,26,3,TI,NULL,NULL
NULL,398098,203,LBHT-1,LBHT-1,CIP393371.58,CIP392639.31,1,0,0,3,0,0,6,0,3,R,ER,0.84,19,4,TI,NULL,NULL
NULL,398098,204,LBHT-1,LBHT-1,CIP393371.58,CIP392639.31,1,5,1,4,0,0,6,0,3,R,ER,0.74,21,3,TI,NULL,NULL
NULL,398098,205,LBHT-1,LBHT-1,CIP393371.58,CIP392639.31,1,0,0,2,0,0,7,0,3,R,ER,0.73,21,4,TI,NULL,NULL
NULL,398098,231,LBHT-1,LBHT-1,CIP393371.58,CIP392639.31,1,0,0,2,0,0,6,0,3,R,ER,0.8,23,3,TI,NULL,NULL
NULL,398098,570,LBHT-1,LBHT-1,CIP393371.58,CIP392639.31,1,0,0,2,0,0,6,0,5,R,NULL,0.71,NULL,3,TI,NULL,NULL
NULL,398098,65,LBHT-1,LBHT-1,CIP393371.58,CIP392639.31,1,5,2,2,0,0,6,0,3,R,S,0.8,19,2,TI,NULL,NULL
NULL,398098,98,LBHT-1,LBHT-1,CIP393371.58,CIP392639.31,1,0,0,2,0,0,6,0,3,R,ER,0.56,21,4,TI,NULL,NULL
NULL,398180,144,LBHT-1,LBHT-1,CIP392657.171,CIP392633.64,1,0,0,3,0,0,6,0,3,R,S,0.61,19,3,TI,NULL,NULL
NULL,398180,289,LBHT-1,LBHT-1,CIP392657.171,CIP392633.64,1,0,0,3,0,0,6,0,3,R,S,0.71,23,3,TI,NULL,NULL
NULL,398180,292,LBHT-1,LBHT-1,CIP392657.171,CIP392633.64,1,0,0,2,0,0,6,0,3,R,S,0.84,NULL,NULL,TI,NULL,NULL
NULL,398190,200,LBHT-1,LBHT-1,CIP393077.54,CIP392639.2,1,5,2,2,0,0,6,0,3,R,S,0.66,20,3,TI,NULL,NULL
NULL,398190,404,LBHT-1,LBHT-1,CIP393077.54,CIP392639.2,1,0,0,2,0,0,6,0,3,R,S,0.63,23,1,TI,NULL,NULL
NULL,398190,571,LBHT-1,LBHT-1,CIP393077.54,CIP392639.2,1,0,0,2,0,0,6,0,3,R,S,0.64,20,4,TI,NULL,NULL
NULL,398190,605,LBHT-1,LBHT-1,CIP393077.54,CIP392639.2,1,5,2,2,0,0,6,0,3,R,S,0.67,21,3,TI,NULL,NULL
NULL,398190,615,LBHT-1,LBHT-1,CIP393077.54,CIP392639.2,1,0,0,2,0,0,7,0,3,R,S,0.54,24,2,TI,NULL,NULL
NULL,398190,735,LBHT-1,LBHT-1,CIP393077.54,CIP392639.2,1,5,2,2,0,0,6,0,5,R,S,0.62,21,3,TI,NULL,NULL
NULL,398190,89,LBHT-1,LBHT-1,CIP393077.54,CIP392639.2,1,0,0,2,0,0,7,0,3,R,S,0.7,21,2,TI,NULL,NULL
NULL,398192,213,LBHT-1,LBHT-1,CIP393077.54,CIP392633.54,1,5,2,2,0,0,7,0,3,R,S,0.71,22,2,TI,NULL,NULL
NULL,398192,41,LBHT-1,LBHT-1,CIP393077.54,CIP392633.54,1,0,0,2,0,0,6,0,3,R,S,0.95,20,3,TI,NULL,NULL
NULL,398192,553,LBHT-1,LBHT-1,CIP393077.54,CIP392633.54,1,5,4,2,0,0,6,0,3,R,S,0.45,20,3,TI,NULL,NULL
NULL,398192,592,LBHT-1,LBHT-1,CIP393077.54,CIP392633.54,1,0,0,2,0,0,7,0,3,R,S,0.61,21,4,TI,NULL,NULL
NULL,398193,158,LBHT-1,LBHT-1,CIP393077.54,CIP392633.64,1,5,2,2,0,0,6,0,3,R,S,0.47,20,3,TI,NULL,NULL
NULL,398193,511,LBHT-1,LBHT-1,CIP393077.54,CIP392633.64,1,0,0,4,0,0,7,0,3,R,S,0.8,21,1,TI,NULL,NULL
NULL,398193,553,LBHT-1,LBHT-1,CIP393077.54,CIP392633.64,1,5,1,2,0,0,6,0,3,R,S,0.76,20,3,TI,NULL,NULL
NULL,398193,650,LBHT-1,LBHT-1,CIP393077.54,CIP392633.64,1,0,0,2,0,0,6,0,3,R,NULL,0.88,21,3,TI,NULL,NULL
NULL,398201,510,LBHT-1,LBHT-1,CIP393242.50,CIP392633.64,5,0,0,2,0,0,6,0,3,R,NULL,1.16,20,5,TI,NULL,NULL
NULL,398203,244,LBHT-1,LBHT-1,CIP393280.82,CIP392633.64,6,0,0,2,0,0,6,0,3,R,S,0.97,20,2,TI,NULL,NULL
NULL,398203,5,LBHT-1,LBHT-1,CIP393280.82,CIP392633.64,6,0,0,2,0,0,6,0,3,R,S,0.84,13,5,TI,NULL,NULL
NULL,398203,509,LBHT-1,LBHT-1,CIP393280.82,CIP392633.64,6,0,0,4,0,0,6,0,3,R,S,0.47,NULL,NULL,TI,NULL,NULL
NULL,398208,219,LBHT-1,LBHT-1,CIP393371.58,CIP392633.64,1,0,0,2,0,0,6,0,3,R,ER,0.98,22,1,TI,NULL,NULL
NULL,398208,29,LBHT-1,LBHT-1,CIP393371.58,CIP392633.64,1,0,0,2,0,0,6,0,3,R,ER,0.72,22,3,TI,NULL,NULL
NULL,398208,33,LBHT-1,LBHT-1,CIP393371.58,CIP392633.64,1,0,0,2,0,0,6,0,3,R,S,0.81,21,5,TI,NULL,NULL
NULL,398208,505,LBHT-1,LBHT-1,CIP393371.58,CIP392633.64,1,0,0,3,0,0,6,0,3,R,ER,0.77,23,3,TI,NULL,NULL
NULL,398208,620,LBHT-1,LBHT-1,CIP393371.58,CIP392633.64,1,0,0,2,0,0,6,0,3,R,NULL,1.01,21,3,TI,NULL,NULL
NULL,398208,670,LBHT-1,LBHT-1,CIP393371.58,CIP392633.64,1,0,0,2,0,0,6,0,3,R,NULL,1.07,22,3,TI,NULL,NULL
NULL,398208,704,LBHT-1,LBHT-1,CIP393371.58,CIP392633.64,1,5,1,2,0,0,6,0,3,R,S,0.75,24,3,TI,NULL,NULL
NULL,399001,16,Population B,B1C5,CIP395259.2 (BIC4-039.2),CIP395255.3 (B1C4035.3),6,0,0,2,0,0,2,0,5,R,S,0.82,21,3,TA,NULL,NULL
NULL,399001,44,Population B,B1C5,CIP395259.2 (BIC4-039.2),CIP395255.3 (B1C4035.3),6,0,0,3,0,0,7,0,5,R,R,1.33,22,3,TA,NULL,NULL
NULL,399001,53,Population B,B1C5,CIP395259.2 (BIC4-039.2),CIP395255.3 (B1C4035.3),6,0,0,2,0,0,6,0,3,R,R,1.1,21,2,TA,NULL,NULL
NULL,399002,38,Population B,B1C5,CIP395262.2 (BIC4-042.2),CIP395292.3 (B1C4072.3),6,0,0,4,0,0,2,0,5,R,R,1,22,2,TA,NULL,NULL
NULL,399002,42,Population B,B1C5,CIP395262.2 (BIC4-042.2),CIP395292.3 (B1C4072.3),6,0,0,5,0,0,6,0,3,R,R,1.27,26,2,TA,NULL,NULL
NULL,399002,52,Population B,B1C5,CIP395262.2 (BIC4-042.2),CIP395292.3 (B1C4072.3),6,0,0,2,0,0,6,0,3,R,R,1.28,24,3,TA,NULL,NULL
NULL,399002,57,Population B,B1C5,CIP395262.2 (BIC4-042.2),CIP395292.3 (B1C4072.3),6,0,0,5,0,0,6,0,5,R,R,1.19,24,1,TA,NULL,NULL
NULL,399002,7,Population B,B1C5,CIP395262.2 (BIC4-042.2),CIP395292.3 (B1C4072.3),6,0,0,4,0,0,6,0,3,R,R,0.89,25,3,TA,NULL,NULL
NULL,399003,9,Population B,B1C5,CIP395266.3 (BIC4-046.3),CIP395272.2 (B1C4025.2),1,8,1,2,0,0,7,0,3,R,S,1.6,24,4,TA,NULL,NULL
NULL,399004,19,Population B,B1C5,CIP395309.7 (BIC4-089.7),CIP395255.3 (B1C4035.3),6,0,0,3,0,0,6,0,3,R,R,1.19,22,2,TA,NULL,NULL
NULL,399048,39,Population B,B1C5,CIP395272.2,CIP395257.6,6,0,0,5,0,0,2,0,3,MR,R,1.1,20,3,TA,NULL,NULL
NULL,399049,14,Population B,B1C5,CIP395262.2 (B1C4042.2),CIP395273.1 (B1C4053.1),8,0,0,2,0,0,6,0,3,R,R,1.07,23,3,TA,NULL,NULL
NULL,399049,16,Population B,B1C5,CIP395262.2 (B1C4042.2),CIP395273.1 (B1C4053.1),8,0,0,4,0,0,6,0,3,R,R,1.07,23,3,TA,NULL,NULL
NULL,399049,27,Population B,B1C5,CIP395262.2 (B1C4042.2),CIP395273.1 (B1C4053.1),6,0,0,3,0,0,6,0,3,R,R,1.02,23,2,TA,NULL,NULL
NULL,399050,3,Population B,B1C5,CIP395257.2,CIP395300.6,6,0,0,2,0,0,6,0,3,R,R,0.92,21,4,TA,NULL,NULL
NULL,399051,1,Population B,B1C5,CIP395273.2,CIP395257.6,6,0,0,4,0,0,6,1,3,R,R,1.4,21,3,TA,NULL,NULL
NULL,399051,10,Population B,B1C5,CIP395273.2,CIP395257.6,8,0,0,2,8,3,6,0,5,R,R,1.02,22,3,TA,NULL,NULL
NULL,399051,9,Population B,B1C5,CIP395273.2,CIP395257.6,6,0,0,2,0,0,6,0,5,R,S,1.36,19,1,TA,NULL,NULL
NULL,399052,3,Population B,B1C5,CIP395296.2,CIP395292.3,1,5,1,2,0,0,7,0,3,R,S,1.27,25,4,TA,NULL,NULL
NULL,399053,11,Population B,B1C5,CIP395230.1,CIP395322.11,6,0,0,3,0,0,7,1,3,R,R,1.07,22,4,TA,NULL,NULL
NULL,399053,12,Population B,B1C5,CIP395230.1,CIP395322.11,6,0,0,2,0,0,6,0,3,R,R,1.2,23,4,TA,NULL,NULL
NULL,399053,15,Population B,B1C5,CIP395230.1,CIP395322.11,5,0,0,2,0,0,6,0,3,R,R,1.31,22,4,TA,NULL,NULL
NULL,399053,7,Population B,B1C5,CIP395230.1,CIP395322.11,6,0,0,3,0,0,6,0,3,R,NULL,1.61,22,3,TA,NULL,NULL
NULL,399054,1,Population B,B1C5,CIP395230.1,CIP395299.3,6,0,0,2,0,0,6,0,5,R,R,1.57,22,2,TA,NULL,NULL
NULL,399054,16,Population B,B1C5,CIP395230.1,CIP395299.3,5,0,0,3,0,0,7,0,3,R,R,1.1,23,2,TA,NULL,NULL
NULL,399058,12,Population B,B1C5,CIP395274.1,CIP395319.2,1,0,0,3,0,0,6,0,3,R,S,1.83,19,4,TA,NULL,NULL
NULL,399062,108,Population B,B1C5,CIP395285.5,CIP395282.3,8,0,0,1,0,0,7,0,3,R,R,1.33,25,1,TA,NULL,NULL
NULL,399062,115,Population B,B1C5,CIP395285.5,CIP395282.3,6,0,0,3,0,0,6,0,3,R,S,1.39,25,1,TA,NULL,NULL
NULL,399062,119,Population B,B1C5,CIP395285.5,CIP395282.3,6,0,0,3,6,3,7,0,3,R,R,1.25,24,1,TA,NULL,NULL
NULL,399064,12,Population B,B1C5,CIP395272.2,CIP395233.8,1,5,1,3,0,0,6,0,5,R,S,1.61,24,3,TA,NULL,NULL
NULL,399064,3,Population B,B1C5,CIP395272.2,CIP395233.8,6,0,0,3,0,0,7,0,5,R,S,1.13,20,2,TA,NULL,NULL
NULL,399067,14,Population B,B1C5,CIP395257.2,CIP395271.6,6,0,0,2,0,0,6,0,3,R,S,1.12,23,5,TA,NULL,NULL
NULL,399067,22,Population B,B1C5,CIP395257.2,CIP395271.6,5,0,0,2,0,0,7,0,3,R,R,0.99,24,3,TA,NULL,NULL
NULL,399071,17,Population B,B1C5,CIP395230.1 (B1C4010.1),CIP395235.8 (B1C4015.8),6,0,0,4,0,0,6,1,5,R,R,1.12,22,1,TA,NULL,NULL
NULL,399072,11,Population B,B1C5,CIP395259.2,CIP395271.6,6,0,0,2,0,0,6,0,3,R,S,1.32,18,5,TA,NULL,NULL
NULL,399072,2,Population B,B1C5,CIP395259.2,CIP395271.6,6,0,0,2,0,0,6,0,5,R,R,1.14,23,3,TA,NULL,NULL
NULL,399072,21,Population B,B1C5,CIP395259.2,CIP395271.6,5,0,0,2,0,0,6,0,3,R,R,1.31,22,4,TA,NULL,NULL
NULL,399072,28,Population B,B1C5,CIP395259.2,CIP395271.6,6,0,0,2,0,0,7,0,3,R,R,1.31,24,1,TA,NULL,NULL
NULL,399073,18,Population B,B1C5,CIP395262.2 (B1C4042.2),CIP395256.1 (B1C4036.1),6,0,0,2,0,0,7,0,3,R,R,1.12,24,3,TA,NULL,NULL
NULL,399073,23,Population B,B1C5,CIP395262.2 (B1C4042.2),CIP395256.1 (B1C4036.1),6,0,0,2,0,0,2,0,3,R,NULL,1.23,22,1,TA,NULL,NULL
NULL,399073,8,Population B,B1C5,CIP395262.2 (B1C4042.2),CIP395256.1 (B1C4036.1),8,0,0,2,0,0,6,0,3,R,R,1,24,1,TA,NULL,NULL
NULL,399073,9,Population B,B1C5,CIP395262.2 (B1C4042.2),CIP395256.1 (B1C4036.1),9,0,0,2,0,0,7,0,5,R,R,0.97,25,2,TA,NULL,NULL
NULL,399074,23,Population B,B1C5,CIP395262.2 (B1C4042.2),CIP395247.1 (B1C4027.1),5,0,0,2,0,0,7,0,3,R,R,1.31,22,2,TA,NULL,NULL
NULL,399074,32,Population B,B1C5,CIP395262.2 (B1C4042.2),CIP395247.1 (B1C4027.1),6,0,0,4,0,0,6,0,3,MR,R,1.18,22,3,TA,NULL,NULL
NULL,399075,20,Population B,B1C5,CIP395266.2 (B1C4046.2),CIP395282.3 (B1C4062.3),8,0,0,1,0,0,6,0,3,R,S,0.89,24,3,TA,NULL,NULL
NULL,399075,22,Population B,B1C5,CIP395266.2 (B1C4046.2),CIP395282.3 (B1C4062.3),2,0,0,4,0,0,7,0,3,R,S,1.05,23,2,TA,NULL,NULL
NULL,399075,26,Population B,B1C5,CIP395266.2 (B1C4046.2),CIP395282.3 (B1C4062.3),7,0,0,4,0,0,7,0,3,R,R,0.9,23,2,TA,NULL,NULL
NULL,399075,32,Population B,B1C5,CIP395266.2 (B1C4046.2),CIP395282.3 (B1C4062.3),8,0,0,1,0,0,7,0,3,R,R,1.03,23,1,TA,NULL,NULL
NULL,399075,6,Population B,B1C5,CIP395266.2 (B1C4046.2),CIP395282.3 (B1C4062.3),8,0,0,4,7,3,6,0,3,R,S,1.18,23,2,TA,NULL,NULL
NULL,399076,12,Population B,B1C5,CIP395266.2 (B1C4046.2),CIP395235.8 (B1C4015.8),6,0,0,2,0,0,6,0,3,R,R,1.3,23,2,TA,NULL,NULL
NULL,399076,16,Population B,B1C5,CIP395266.2 (B1C4046.2),CIP395235.8 (B1C4015.8),8,0,0,4,0,0,6,0,5,R,S,1.17,20,5,TA,NULL,NULL
NULL,399078,11,Population B,B1C5,CIP395266.3 (B1C4046.3),CIP395260.8 (B1C4040.8),7,0,0,3,0,0,6,0,5,R,R,1.27,20,4,TA,NULL,NULL
NULL,399079,22,Population B,B1C5,CIP395274.1,CIP395257.6,6,0,0,2,0,0,6,0,5,R,R,1.54,21,3,TA,NULL,NULL
NULL,399079,27,Population B,B1C5,CIP395274.1,CIP395257.6,8,0,0,3,0,0,2,0,3,R,R,1.3,22,4,TA,NULL,NULL
NULL,399079,28,Population B,B1C5,CIP395274.1,CIP395257.6,6,0,0,2,0,0,2,0,5,R,R,1.68,21,4,TA,NULL,NULL
NULL,399079,42,Population B,B1C5,CIP395274.1,CIP395257.6,1,5,4,2,0,0,6,0,5,R,R,1.03,24,2,TA,NULL,NULL
NULL,399083,4,Population B,B1C5,CIP395296.2 (B1C4076.2),CIP395247.1 (B1C4027.1),1,0,0,2,0,0,6,0,3,R,R,1.21,24,3,TA,NULL,NULL
NULL,399085,17,Population B,B1C5,CIP395296.2 (B1C4076.2),CIP395256.1 (B1C4036.1),8,0,0,2,0,0,6,0,3,R,S,1.15,22,4,TA,NULL,NULL
NULL,399090,48,Population B,B1C5,CIP395299.2 (B1C4079.2),CIP395256.1 (B1C4036.1),8,0,0,1,0,0,6,0,5,R,S,1.48,23,3,TA,NULL,NULL
NULL,399092,116,Population B,B1C5,CIP395311.1 (B1C4091.1),CIP395255.3 (B1C4035.3),6,0,0,2,0,0,6,0,5,MR,R,1.5,22,3,TA,NULL,NULL
NULL,399092,36,Population B,B1C5,CIP395311.1 (B1C4091.1),CIP395255.3 (B1C4035.3),5,0,0,2,0,0,6,0,5,MR,R,1.39,25,3,TA,NULL,NULL
NULL,399094,16,Population B,B1C5,CIP395322.3 (B1C4102.3),CIP395256.1 (B1C4036.1),6,0,0,2,0,0,7,0,3,MR,NULL,1.37,23,4,TA,NULL,NULL
NULL,399094,25,Population B,B1C5,CIP395322.3 (B1C4102.3),CIP395256.1 (B1C4036.1),8,0,0,1,0,0,6,0,3,R,R,1.43,22,4,TA,NULL,NULL
NULL,399101,1,LTVR,LTVR,CIP391213. 1,CIP388972.22,1,0,0,2,0,0,6,0,3,S,ER,1.25,22,2,TB,NULL,NULL
NULL,694474,16,Pre-breeding,Pre-breeding,4x-84.1,2x-5.26,6,0,0,2,0,0,6,0,3,R,R,1.12,23,3,TIA,NULL,NULL
NULL,694474,33,Pre-breeding,Pre-breeding,4x-84.1,2x-5.26,6,0,0,2,0,0,2,0,5,R,R,0.91,21,2,TI,NULL,NULL
NULL,308436,245,NULL,B3C3,CIP395111.13,CIP395011.2,1,0,0,2,0,0,5,0,3,R,聽,NULL,22.34,2,TIB,NULL,NULL
NULL,308436,84,NULL,B3C3,CIP395111.13,CIP395011.2,6,0,0,2,0,0,3,0,3,MR,聽,NULL,23.15,2,聽,NULL,NULL
NULL,308445,142,NULL,B3C3,CIP396004.225,CIP395011.2,6,0,0,2,0,0,6,0,3,MR,ER,NULL,21.34,3,聽,NULL,NULL
NULL,308452,253,NULL,B3C3,CIP396026.101,CIP395011.2,5,0,0,2,0,0,3,0,3,R,聽,NULL,19.46,3,TIB,NULL,NULL
NULL,308474,153,NULL,B3C3,CIP395037.107,CIP395096.7,6,1,0,2,0,0,3,0,3,MR,聽,NULL,21.55,2,TIB,NULL,NULL
NULL,308476,16,NULL,B3C3,CIP395077.12,CIP395011.2,6,0,0,2,0,0,3,0,3,MR,聽,NULL,19.88,2,聽,NULL,NULL
NULL,308478,59,NULL,B3C3,CIP395096.2,CIP396264.14,1,0,0,2,0,0,6,0,3,MR,聽,NULL,19.9,4,TIB,NULL,NULL
NULL,308480,287,NULL,B3C3,CIP395109.29,CIP395017.242,1,0,0,2,0,0,5,0,3,MR,聽,NULL,18.47,2,TIB,NULL,NULL
NULL,308480,298,NULL,B3C3,CIP395109.29,CIP395017.242,1,0,0,2,0,0,3,0,3,MR,聽,NULL,21.41,2,聽,NULL,NULL
NULL,308480,334,NULL,B3C3,CIP395109.29,CIP395017.242,1,0,0,2,0,0,6,0,3,MR,聽,NULL,19.58,1,TIB,NULL,NULL
NULL,308480,376,NULL,B3C3,CIP395109.29,CIP395017.242,1,0,0,2,0,0,6,0,3,MR,聽,NULL,20.35,4,聽,NULL,NULL
NULL,308482,163,NULL,B3C3,CIP395109.34,CIP396038.107,5,0,0,2,0,0,6,0,3,MR,ER,NULL,20,3,TIB,NULL,NULL
NULL,308482,318,NULL,B3C3,CIP395109.34,CIP396038.107,6,0,0,2,0,0,6,0,3,MR,ER,NULL,18.87,3,聽,NULL,NULL
NULL,308486,187,NULL,B3C3,CIP395112.32,CIP396012.288,1,0,0,2,0,0,2,0,3,MR,聽,NULL,21.41,2,TIB,NULL,NULL
NULL,308486,221,NULL,B3C3,CIP395112.32,CIP396012.288,8,1,0,2,0,0,6,0,3,R,ER,NULL,17.56,2,TIB,NULL,NULL
NULL,308486,314,NULL,B3C3,CIP395112.32,CIP396012.288,8,0,0,2,0,0,3,0,3,MR,ER,NULL,20.84,1,TIB,NULL,NULL
NULL,308486,328,NULL,B3C3,CIP395112.32,CIP396012.288,1,0,0,2,0,0,6,0,3,MR,ER,NULL,24.24,1,聽,NULL,NULL
NULL,308486,333,NULL,B3C3,CIP395112.32,CIP396012.288,1,0,0,2,0,0,6,0,3,R,聽,NULL,22.3,3,TIB,NULL,NULL
NULL,308486,355,NULL,B3C3,CIP395112.32,CIP396012.288,8,0,0,2,0,0,2,0,3,MR,ER,NULL,23.44,1,TIB,NULL,NULL
NULL,308487,157,NULL,B3C3,CIP395112.32,CIP396264.14,6,0,0,2,0,0,3,0,3,R,聽,NULL,21.01,2,TIB,NULL,NULL
NULL,308487,197,NULL,B3C3,CIP395112.32,CIP396264.14,6,0,0,2,0,0,6,0,3,MR,ER,NULL,18.45,3,TIB,NULL,NULL
NULL,308487,374,NULL,B3C3,CIP395112.32,CIP396264.14,1,0,0,2,0,0,6,0,3,MR,聽,NULL,21.89,2,聽,NULL,NULL
NULL,308487,390,NULL,B3C3,CIP395112.32,CIP396264.14,6,0,0,2,0,0,6,0,3,MR,ER,NULL,23.05,2,TIB,NULL,NULL
NULL,308488,198,NULL,B3C3,CIP395112.36,CIP396004.337,6,0,0,2,0,0,6,0,3,MR,聽,NULL,20.99,2,TIB,NULL,NULL
NULL,308488,213,NULL,B3C3,CIP395112.36,CIP396004.337,1,0,0,2,0,0,3,0,3,R,聽,NULL,18.88,2,聽,NULL,NULL
NULL,308488,92,NULL,B3C3,CIP395112.36,CIP396004.337,6,0,0,2,0,0,3,0,3,MR,聽,NULL,21.14,2,聽,NULL,NULL
NULL,308489,367,NULL,B3C3,CIP395112.36,CIP396029.205,1,0,0,2,6,0,6,0,3,MR,ER,NULL,20.79,2,TIB,NULL,NULL
NULL,308490,11,NULL,B3C3,CIP395112.36,CIP396263.8,1,0,0,2,0,0,6,0,3,R,聽,NULL,20.05,3,TIB,NULL,NULL
NULL,308490,307,NULL,B3C3,CIP395112.36,CIP396263.8,1,0,0,2,0,0,6,0,3,R,聽,NULL,19.01,3,聽,NULL,NULL
NULL,308494,211,NULL,B3C3,CIP395123.6,CIP396240.23,1,0,0,2,0,0,5,0,3,R,聽,NULL,20.26,2,聽,NULL,NULL
NULL,308495,227,NULL,B3C3,CIP395179.21,CIP395017.227,1,5,0,2,0,0,6,0,3,MR,聽,NULL,21.74,3,聽,NULL,NULL
NULL,308495,329,NULL,B3C3,CIP395179.21,CIP395017.227,6,0,0,2,0,0,6,0,3,R,聽,NULL,23.21,3,聽,NULL,NULL
NULL,308497,102,NULL,B3C3,CIP396004.225,CIP396041.102,6,0,0,4,0,0,6,0,3,R,聽,NULL,24.11,3,聽,NULL,NULL
NULL,308497,212,NULL,B3C3,CIP396004.225,CIP396041.102,6,0,0,4,0,0,3,0,3,MR,聽,NULL,22.35,3,TIB,NULL,NULL
NULL,308498,280,NULL,B3C3,CIP396004.263,CIP395017.229,1,0,0,2,0,0,3,0,3,R,聽,NULL,24.35,1,TIB,NULL,NULL
NULL,308498,326,NULL,B3C3,CIP396004.263,CIP395017.229,1,0,0,2,0,0,3,0,3,MR,聽,NULL,20.22,2,聽,NULL,NULL
NULL,308499,143,NULL,B3C3,CIP396004.263,CIP396038.107,6,0,0,2,0,0,6,0,3,MR,聽,NULL,22.09,3,TIB,NULL,NULL
NULL,308499,265,NULL,B3C3,CIP396004.263,CIP396038.107,6,0,0,4,0,0,6,0,3,MR,聽,NULL,19.33,3,聽,NULL,NULL
NULL,308499,76,NULL,B3C3,CIP396004.263,CIP396038.107,6,0,0,4,0,0,2,0,3,MR,聽,NULL,26.52,2,聽,NULL,NULL
NULL,308502,112,NULL,B3C3,CIP396008.104,CIP396012.266,1,0,0,2,0,0,6,0,3,R,聽,NULL,21.77,3,聽,NULL,NULL
NULL,308502,95,NULL,B3C3,CIP396008.104,CIP396012.266,8,0,0,2,0,0,6,0,3,R,ER,NULL,17.72,3,聽,NULL,NULL
NULL,308509,221,NULL,B3C3,CIP396029.25,CIP396240.23,1,0,0,2,0,0,3,0,3,MR,聽,NULL,23.52,1,聽,NULL,NULL
NULL,308510,80,NULL,B3C3,CIP396031.118,CIP395077.12,5,0,0,4,0,0,3,0,3,MR,聽,NULL,18.43,4,TIB,NULL,NULL
NULL,308513,318,NULL,B3C3,CIP396033.102,CIP395152.16,8,0,0,2,0,0,3,0,3,MR,聽,NULL,20.04,1,TIB,NULL,NULL
NULL,308518,201,NULL,B3C3,CIP396034.103,CIP396041.102,5,0,0,2,0,0,6,0,3,MR,聽,NULL,18.82,4,TIB,NULL,NULL
NULL,308518,7,NULL,B3C3,CIP396034.103,CIP396041.102,6,0,0,2,0,0,6,0,3,MR,聽,NULL,22.32,2,TIB,NULL,NULL
NULL,308519,110,NULL,B3C3,CIP396046.105,CIP396017.227,1,0,0,4,0,0,5,0,3,MR,ER,NULL,18.41,1,聽,NULL,NULL
NULL,308520,145,NULL,B3C3,CIP395096.2,CIP396012.288,6,0,0,2,0,0,2,0,3,MR,聽,NULL,20.33,2,聽,NULL,NULL
NULL,308520,290,NULL,B3C3,CIP395096.2,CIP396012.288,1,0,0,2,0,0,5,0,3,MR,聽,NULL,20.47,3,聽,NULL,NULL
NULL,308520,348,NULL,B3C3,CIP395096.2,CIP396012.288,1,0,0,2,0,0,6,0,3,MR,聽,NULL,18.14,5,聽,NULL,NULL
NULL,312887,75,NULL,LBHT x LTVR,CIP398098.119,CIP302476.108,6,0,0,2,0,0,5,0,3,R,ER,NULL,23.25,2,TIB,NULL,NULL
NULL,312888,48,NULL,LBHT x LTVR,CIP398098.203,CIP302476.108,6,0,0,2,0,0,5,0,3,MR,ER,NULL,20.1,5,TIB,NULL,NULL
NULL,312890,40,NULL,LBHT x LTVR,CIP398180.292,CIP302476.108,6,0,0,2,0,0,6,0,3,R,聽,NULL,21.17,4,TIB,NULL,NULL
NULL,312895,56,NULL,LBHT x LTVR,CIP398208.219,CIP302476.108,1,0,0,2,0,0,6,0,3,R,ER,NULL,23.84,4,TIB,NULL,NULL
NULL,312896,9,NULL,LBHT x LTVR,CIP398208.29,CIP302476.108,1,0,0,2,0,0,5,0,3,R,聽,NULL,24.27,4,聽,NULL,NULL
NULL,312896,12,NULL,LBHT x LTVR,CIP398208.29,CIP302476.108,1,0,0,2,0,0,5,0,3,R,ER,NULL,22.91,2,聽,NULL,NULL
NULL,312898,39,NULL,LBHT x LTVR,CIP398208.62,CIP302476.108,1,0,0,2,0,0,3,0,3,MR,ER,NULL,23.56,2,TIB,NULL,NULL
NULL,312899,78,NULL,LBHT x LTVR,CIP398208.67,CIP302476.108,6,0,0,4,0,0,3,0,3,R,ER,NULL,24.74,2,聽,NULL,NULL
NULL,312903,13,NULL,LBHT x LTVR,CIP398098.203,CIP304350.118,6,0,0,2,0,0,6,0,3,R,聽,NULL,20.13,4,聽,NULL,NULL
NULL,312903,70,NULL,LBHT x LTVR,CIP398098.203,CIP304350.118,1,0,0,4,0,0,2,0,3,R,聽,NULL,20.63,3,聽,NULL,NULL
NULL,312908,92,NULL,LBHT x LTVR,CIP398201.51,CIP304350.118,6,0,0,2,0,0,6,0,3,MR,聽,NULL,20.5,4,聽,NULL,NULL
NULL,312908,138,NULL,LBHT x LTVR,CIP398201.51,CIP304350.118,6,0,0,2,0,0,6,0,3,R,聽,NULL,21.71,5,聽,NULL,NULL
NULL,312913,22,NULL,LBHT x LTVR,CIP398208.62,CIP304350.118,1,0,0,2,0,0,5,0,3,R,ER,NULL,21.75,4,聽,NULL,NULL
NULL,312914,20,NULL,LBHT x LTVR,CIP398208.67,CIP304350.118,6,0,0,4,0,0,6,0,3,R,聽,NULL,23.16,4,聽,NULL,NULL
NULL,312914,53,NULL,LBHT x LTVR,CIP398208.67,CIP304350.118,5,0,0,2,0,0,6,0,3,R,聽,NULL,21.4,3,聽,NULL,NULL
NULL,312915,141,NULL,LBHT x LTVR,CIP398208.704,CIP304350.118,1,5,0,2,0,0,6,0,3,R,聽,NULL,22.26,4,聽,NULL,NULL
NULL,312923,58,NULL,LBHT x LTVR,CIP398201.51,CIP304372.7,5,0,0,2,0,0,3,0,3,R,ER,NULL,21.87,3,聽,NULL,NULL
NULL,312925,105,NULL,LBHT x LTVR,CIP398208.219,CIP304372.7,1,0,0,2,0,0,3,0,3,R,聽,NULL,23.85,3,聽,NULL,NULL
NULL,312927,48,NULL,LBHT x LTVR,CIP398208.505,CIP304372.7,1,0,0,2,0,0,6,0,3,R,聽,NULL,21.89,4,聽,NULL,NULL
